Squad,Player,Nation,Pos,Age,MP,Starts,Min,90s,Gls,Ast,G+A,G-PK,PK,PKatt,CrdY,CrdR
Liverpool,Mohamed Salah,eg EGY,FW,32.0,38,38,3371.0,37.5,29.0,18.0,47.0,20.0,9.0,9.0,1.0,0.0
Liverpool,Virgil van Dijk,nl NED,DF,33.0,37,37,3330.0,37.0,3.0,1.0,4.0,3.0,0.0,0.0,5.0,0.0
Liverpool,Ryan Gravenberch,nl NED,MF,22.0,37,37,3160.0,35.1,0.0,4.0,4.0,0.0,0.0,0.0,6.0,1.0
Liverpool,Alexis Mac Allister,ar ARG,MF,25.0,35,30,2599.0,28.9,5.0,5.0,10.0,5.0,0.0,0.0,6.0,0.0
Liverpool,Ibrahima Konaté,fr FRA,DF,25.0,31,30,2560.0,28.4,1.0,2.0,3.0,1.0,0.0,0.0,5.0,0.0
Liverpool,Dominik Szoboszlai,hu HUN,MF,23.0,36,29,2491.0,27.7,6.0,6.0,12.0,6.0,0.0,0.0,6.0,0.0
Liverpool,Andrew Robertson,sct SCO,DF,30.0,33,29,2482.0,27.6,0.0,1.0,1.0,0.0,0.0,0.0,3.0,1.0
Liverpool,Alisson,br BRA,GK,31.0,28,28,2508.0,27.9,0.0,0.0,0.0,0.0,0.0,0.0,0.0,0.0
Liverpool,Luis Díaz,co COL,FW,27.0,36,28,2399.0,26.7,13.0,5.0,18.0,13.0,0.0,0.0,2.0,0.0
Liverpool,Trent Alexander-Arnold,eng ENG,DF,25.0,33,28,2365.0,26.3,3.0,6.0,9.0,3.0,0.0,0.0,5.0,0.0
Liverpool,Cody Gakpo,nl NED,FW,25.0,35,23,1935.0,21.5,10.0,4.0,14.0,10.0,0.0,0.0,5.0,0.0
Liverpool,Curtis Jones,eng ENG,"MF,DF",23.0,33,19,1712.0,19.0,3.0,3.0,6.0,3.0,0.0,0.0,3.0,1.0
Liverpool,Diogo Jota,pt POR,FW,27.0,26,14,1196.0,13.3,6.0,3.0,9.0,6.0,0.0,0.0,2.0,0.0
Liverpool,Caoimhín Kelleher,ie IRL,GK,25.0,10,10,900.0,10.0,0.0,0.0,0.0,0.0,0.0,0.0,0.0,0.0
Liverpool,Kostas Tsimikas,gr GRE,DF,28.0,18,9,837.0,9.3,0.0,1.0,1.0,0.0,0.0,0.0,2.0,0.0
Liverpool,Darwin Núñez,uy URU,FW,25.0,30,8,1133.0,12.6,5.0,2.0,7.0,5.0,0.0,0.0,8.0,0.0
Liverpool,Conor Bradley,nir NIR,DF,21.0,19,7,754.0,8.4,0.0,2.0,2.0,0.0,0.0,0.0,4.0,0.0
Liverpool,Joe Gomez,eng ENG,DF,27.0,9,6,519.0,5.8,0.0,0.0,0.0,0.0,0.0,0.0,1.0,0.0
Liverpool,Jarell Quansah,eng ENG,DF,21.0,13,4,495.0,5.5,0.0,0.0,0.0,0.0,0.0,0.0,2.0,0.0
Liverpool,Harvey Elliott,eng ENG,MF,21.0,18,2,371.0,4.1,1.0,2.0,3.0,1.0,0.0,0.0,1.0,0.0
Liverpool,Wataru Endo,jp JPN,"MF,DF",31.0,20,1,273.0,3.0,0.0,0.0,0.0,0.0,0.0,0.0,0.0,0.0
Liverpool,Federico Chiesa,it ITA,FW,26.0,6,1,108.0,1.2,0.0,0.0,0.0,0.0,0.0,0.0,0.0,0.0
Liverpool,Vitezslav Jaros,cz CZE,GK,23.0,1,0,12.0,0.1,0.0,0.0,0.0,0.0,0.0,0.0,0.0,0.0
Liverpool,Jayden Danns,eng ENG,MF,18.0,1,0,11.0,0.1,0.0,0.0,0.0,0.0,0.0,0.0,0.0,0.0
Liverpool,Harvey Davies,eng ENG,GK,20.0,0,0,0.0,0.0,0.0,0.0,0.0,0.0,0.0,0.0,0.0,0.0
Liverpool,James McConnell,eng ENG,MF,19.0,0,0,0.0,0.0,0.0,0.0,0.0,0.0,0.0,0.0,0.0,0.0
Liverpool,Tyler Morton,eng ENG,MF,21.0,0,0,0.0,0.0,0.0,0.0,0.0,0.0,0.0,0.0,0.0,0.0
Liverpool,Amara Nallo,eng ENG,DF,17.0,0,0,0.0,0.0,0.0,0.0,0.0,0.0,0.0,0.0,0.0,0.0
Liverpool,Trey Nyoni,eng ENG,MF,17.0,0,0,0.0,0.0,0.0,0.0,0.0,0.0,0.0,0.0,0.0,0.0
Arsenal,David Raya,es ESP,GK,28.0,38,38,3420.0,38.0,0.0,0.0,0.0,0.0,0.0,0.0,3.0,0.0
Arsenal,William Saliba,fr FRA,DF,23.0,35,35,3039.0,33.8,2.0,0.0,2.0,2.0,0.0,0.0,2.0,1.0
Arsenal,Declan Rice,eng ENG,MF,25.0,35,33,2825.0,31.4,4.0,7.0,11.0,4.0,0.0,0.0,7.0,1.0
Arsenal,Thomas Partey,gh GHA,"MF,DF",31.0,35,31,2797.0,31.1,4.0,2.0,6.0,4.0,0.0,0.0,4.0,0.0
Arsenal,Leandro Trossard,be BEL,FW,29.0,38,28,2546.0,28.3,8.0,7.0,15.0,8.0,0.0,0.0,4.0,1.0
Arsenal,Gabriel Magalhães,br BRA,DF,26.0,28,28,2363.0,26.3,3.0,1.0,4.0,3.0,0.0,0.0,4.0,0.0
Arsenal,Jurriën Timber,nl NED,DF,23.0,30,27,2417.0,26.9,1.0,3.0,4.0,1.0,0.0,0.0,7.0,0.0
Arsenal,Martin Ødegaard,no NOR,MF,25.0,30,26,2325.0,25.8,3.0,8.0,11.0,2.0,1.0,1.0,4.0,0.0
Arsenal,Gabriel Martinelli,br BRA,"FW,MF",23.0,33,25,2290.0,25.4,8.0,4.0,12.0,8.0,0.0,0.0,1.0,0.0
Arsenal,Kai Havertz,de GER,"FW,MF",25.0,23,21,1875.0,20.8,9.0,3.0,12.0,9.0,0.0,0.0,5.0,0.0
Arsenal,Bukayo Saka,eng ENG,"FW,MF",22.0,25,20,1729.0,19.2,6.0,10.0,16.0,5.0,1.0,1.0,3.0,0.0
Arsenal,Mikel Merino,es ESP,"MF,FW",28.0,28,17,1586.0,17.6,7.0,2.0,9.0,7.0,0.0,0.0,4.0,1.0
Arsenal,Myles Lewis-Skelly,eng ENG,DF,17.0,23,15,1369.0,15.2,1.0,0.0,1.0,1.0,0.0,0.0,3.0,2.0
Arsenal,Ben White,eng ENG,DF,26.0,17,13,1198.0,13.3,0.0,2.0,2.0,0.0,0.0,0.0,2.0,0.0
Arsenal,Riccardo Calafiori,it ITA,DF,22.0,19,11,983.0,10.9,2.0,1.0,3.0,2.0,0.0,0.0,4.0,0.0
Arsenal,Ethan Nwaneri,eng ENG,"FW,MF",17.0,26,11,895.0,9.9,4.0,2.0,6.0,4.0,0.0,0.0,1.0,0.0
Arsenal,Jakub Kiwior,pl POL,DF,24.0,17,10,1122.0,12.5,1.0,0.0,1.0,1.0,0.0,0.0,1.0,0.0
Arsenal,Jorginho,it ITA,MF,32.0,15,9,704.0,7.8,0.0,0.0,0.0,0.0,0.0,0.0,5.0,0.0
Arsenal,Raheem Sterling,eng ENG,"FW,MF",29.0,17,7,499.0,5.5,0.0,2.0,2.0,0.0,0.0,0.0,1.0,0.0
Arsenal,Gabriel Jesus,br BRA,FW,27.0,17,6,608.0,6.8,3.0,0.0,3.0,3.0,0.0,0.0,4.0,0.0
Arsenal,Oleksandr Zinchenko,ua UKR,"DF,MF",27.0,15,5,527.0,5.9,0.0,1.0,1.0,0.0,0.0,0.0,1.0,0.0
Arsenal,Kieran Tierney,sct SCO,"DF,FW",27.0,13,2,259.0,2.9,1.0,0.0,1.0,1.0,0.0,0.0,0.0,0.0
Arsenal,Nathan Butler-Oyedeji,eng ENG,FW,21.0,1,0,7.0,0.1,0.0,0.0,0.0,0.0,0.0,0.0,0.0,0.0
Arsenal,Takehiro Tomiyasu,jp JPN,DF,25.0,1,0,7.0,0.1,0.0,0.0,0.0,0.0,0.0,0.0,0.0,0.0
Arsenal,Reiss Nelson,eng ENG,FW,24.0,1,0,3.0,0.0,0.0,0.0,0.0,0.0,0.0,0.0,0.0,0.0
Arsenal,Brayden Clarke,wls WAL,DF,17.0,0,0,0.0,0.0,0.0,0.0,0.0,0.0,0.0,0.0,0.0,0.0
Arsenal,Jimi Gower,eng ENG,MF,19.0,0,0,0.0,0.0,0.0,0.0,0.0,0.0,0.0,0.0,0.0,0.0
Arsenal,Ayden Heaven,eng ENG,DF,17.0,0,0,0.0,0.0,0.0,0.0,0.0,0.0,0.0,0.0,0.0,0.0
Arsenal,Jack Henry-Francis,ie IRL,MF,20.0,0,0,0.0,0.0,0.0,0.0,0.0,0.0,0.0,0.0,0.0,0.0
Arsenal,Ismeal Kabia,eng ENG,MF,18.0,0,0,0.0,0.0,0.0,0.0,0.0,0.0,0.0,0.0,0.0,0.0
Arsenal,Maldini Kacurri,al ALB,DF,18.0,0,0,0.0,0.0,0.0,0.0,0.0,0.0,0.0,0.0,0.0,0.0
Arsenal,Neto,br BRA,GK,35.0,0,0,0.0,0.0,0.0,0.0,0.0,0.0,0.0,0.0,0.0,0.0
Arsenal,Josh Nichols,eng ENG,DF,18.0,0,0,0.0,0.0,0.0,0.0,0.0,0.0,0.0,0.0,0.0,0.0
Arsenal,Eddie Nketiah,eng ENG,FW,25.0,0,0,0.0,0.0,0.0,0.0,0.0,0.0,0.0,0.0,0.0,0.0
Arsenal,Salah Oulad M'Hand,nl NED,MF,20.0,0,0,0.0,0.0,0.0,0.0,0.0,0.0,0.0,0.0,0.0,0.0
Arsenal,Jack Porter,eng ENG,GK,16.0,0,0,0.0,0.0,0.0,0.0,0.0,0.0,0.0,0.0,0.0,0.0
Arsenal,Aaron Ramsdale,eng ENG,GK,26.0,0,0,0.0,0.0,0.0,0.0,0.0,0.0,0.0,0.0,0.0,0.0
Arsenal,Tommy Setford,eng ENG,GK,18.0,0,0,0.0,0.0,0.0,0.0,0.0,0.0,0.0,0.0,0.0,0.0
Manchester City,Joško Gvardiol,hr CRO,DF,22.0,37,36,3277.0,36.4,5.0,0.0,5.0,5.0,0.0,0.0,2.0,0.0
Manchester City,Erling Haaland,no NOR,FW,24.0,31,31,2736.0,30.4,22.0,3.0,25.0,19.0,3.0,4.0,2.0,0.0
Manchester City,Bernardo Silva,pt POR,"MF,FW",29.0,33,29,2670.0,29.7,4.0,4.0,8.0,4.0,0.0,0.0,7.0,0.0
Manchester City,Ederson,br BRA,GK,30.0,26,26,2320.0,25.8,0.0,4.0,4.0,0.0,0.0,0.0,4.0,0.0
Manchester City,Rúben Dias,pt POR,DF,27.0,27,25,2271.0,25.2,0.0,0.0,0.0,0.0,0.0,0.0,4.0,0.0
Manchester City,İlkay Gündoğan,de GER,MF,33.0,33,25,2223.0,24.7,1.0,6.0,7.0,1.0,0.0,0.0,1.0,0.0
Manchester City,Mateo Kovačić,hr CRO,MF,30.0,31,25,2198.0,24.4,6.0,2.0,8.0,6.0,0.0,0.0,5.0,1.0
Manchester City,Manuel Akanji,ch SUI,DF,29.0,26,23,2014.0,22.4,0.0,0.0,0.0,0.0,0.0,0.0,3.0,0.0
Manchester City,Rico Lewis,eng ENG,"DF,MF",19.0,28,21,1893.0,21.0,1.0,2.0,3.0,1.0,0.0,0.0,5.0,1.0
Manchester City,Sávio,br BRA,"FW,MF",20.0,29,21,1766.0,19.6,1.0,8.0,9.0,1.0,0.0,0.0,3.0,0.0
Manchester City,Phil Foden,eng ENG,"MF,FW",24.0,28,20,1777.0,19.7,7.0,2.0,9.0,7.0,0.0,0.0,2.0,0.0
Manchester City,Kevin De Bruyne,be BEL,"MF,FW",33.0,28,19,1702.0,18.9,4.0,7.0,11.0,4.0,0.0,0.0,2.0,0.0
Manchester City,Matheus Nunes,pt POR,"DF,MF",25.0,26,19,1674.0,18.6,1.0,6.0,7.0,1.0,0.0,0.0,4.0,0.0
Manchester City,Jeremy Doku,be BEL,"FW,MF",22.0,29,16,1516.0,16.8,3.0,6.0,9.0,3.0,0.0,0.0,1.0,0.0
Manchester City,Omar Marmoush,eg EGY,"FW,MF",25.0,16,14,1175.0,13.1,7.0,0.0,7.0,7.0,0.0,0.0,0.0,0.0
Manchester City,Stefan Ortega,de GER,GK,31.0,13,12,1100.0,12.2,0.0,0.0,0.0,0.0,0.0,0.0,1.0,0.0
Manchester City,Kyle Walker,eng ENG,DF,34.0,15,9,970.0,10.8,0.0,0.0,0.0,0.0,0.0,0.0,3.0,0.0
Manchester City,Nicolás González,es ESP,MF,22.0,11,9,760.0,8.4,1.0,0.0,1.0,1.0,0.0,0.0,3.0,0.0
Manchester City,Nathan Aké,nl NED,DF,29.0,10,8,678.0,7.5,0.0,0.0,0.0,0.0,0.0,0.0,0.0,0.0
Manchester City,Jack Grealish,eng ENG,"FW,MF",28.0,20,7,721.0,8.0,1.0,1.0,2.0,1.0,0.0,0.0,3.0,0.0
Manchester City,John Stones,eng ENG,"DF,MF",30.0,11,6,548.0,6.1,2.0,0.0,2.0,2.0,0.0,0.0,1.0,0.0
Manchester City,Nico O’Reilly,eng ENG,DF,19.0,9,6,528.0,5.9,2.0,0.0,2.0,2.0,0.0,0.0,0.0,0.0
Manchester City,Abdukodir Khusanov,uz UZB,DF,20.0,6,6,503.0,5.6,0.0,0.0,0.0,0.0,0.0,0.0,1.0,0.0
Manchester City,James Mcatee,eng ENG,"MF,FW",21.0,15,3,349.0,3.9,3.0,0.0,3.0,3.0,0.0,0.0,1.0,0.0
Manchester City,Jahmai Simpson-Pusey,eng ENG,DF,18.0,2,1,96.0,1.1,0.0,0.0,0.0,0.0,0.0,0.0,1.0,0.0
Manchester City,Rodri,es ESP,MF,28.0,3,1,73.0,0.8,0.0,0.0,0.0,0.0,0.0,0.0,0.0,0.0
Manchester City,Divin Mubama,eng ENG,FW,19.0,1,0,28.0,0.3,0.0,0.0,0.0,0.0,0.0,0.0,0.0,0.0
Manchester City,Oscar Bobb,no NOR,FW,21.0,3,0,16.0,0.2,0.0,0.0,0.0,0.0,0.0,0.0,0.0,0.0
Manchester City,Claudio Echeverri,ar ARG,FW,18.0,1,0,6.0,0.1,0.0,0.0,0.0,0.0,0.0,0.0,0.0,0.0
Manchester City,Vitor Reis,br BRA,DF,18.0,1,0,1.0,0.0,0.0,0.0,0.0,0.0,0.0,0.0,0.0,0.0
Manchester City,Max Alleyne,eng ENG,DF,19.0,0,0,0.0,0.0,0.0,0.0,0.0,0.0,0.0,0.0,0.0,0.0
Manchester City,Thorsten Brits,eng ENG,GK,17.0,0,0,0.0,0.0,0.0,0.0,0.0,0.0,0.0,0.0,0.0,0.0
Manchester City,Scott Carson,eng ENG,GK,38.0,0,0,0.0,0.0,0.0,0.0,0.0,0.0,0.0,0.0,0.0,0.0
Manchester City,Issa Kaboré,bf BFA,"DF,MF",23.0,0,0,0.0,0.0,0.0,0.0,0.0,0.0,0.0,0.0,0.0,0.0
Manchester City,Josh Wilson-Esbrand,eng ENG,DF,21.0,0,0,0.0,0.0,0.0,0.0,0.0,0.0,0.0,0.0,0.0,0.0
Manchester City,Jacob Wright,eng ENG,MF,18.0,0,0,0.0,0.0,0.0,0.0,0.0,0.0,0.0,0.0,0.0,0.0
Chelsea,Moisés Caicedo,ec ECU,"MF,DF",22.0,38,38,3351.0,37.2,1.0,2.0,3.0,1.0,0.0,0.0,11.0,0.0
Chelsea,Cole Palmer,eng ENG,"MF,FW",22.0,37,36,3191.0,35.5,15.0,8.0,23.0,11.0,4.0,5.0,7.0,0.0
Chelsea,Levi Colwill,eng ENG,DF,21.0,35,35,3149.0,35.0,2.0,1.0,3.0,2.0,0.0,0.0,9.0,0.0
Chelsea,Marc Cucurella,es ESP,DF,26.0,36,33,2988.0,33.2,5.0,1.0,6.0,5.0,0.0,0.0,10.0,1.0
Chelsea,Enzo Fernández,ar ARG,MF,23.0,36,32,2947.0,32.7,6.0,7.0,13.0,6.0,0.0,0.0,8.0,0.0
Chelsea,Robert Sánchez,es ESP,GK,26.0,32,32,2880.0,32.0,0.0,0.0,0.0,0.0,0.0,0.0,5.0,0.0
Chelsea,Nicolas Jackson,sn SEN,FW,23.0,30,28,2220.0,24.7,10.0,5.0,15.0,10.0,0.0,0.0,7.0,1.0
Chelsea,Noni Madueke,eng ENG,FW,22.0,32,27,2033.0,22.6,7.0,3.0,10.0,7.0,0.0,0.0,3.0,0.0
Chelsea,Pedro Neto,pt POR,FW,24.0,35,24,2269.0,25.2,4.0,6.0,10.0,4.0,0.0,0.0,8.0,0.0
Chelsea,Malo Gusto,fr FRA,DF,21.0,32,19,1862.0,20.7,0.0,1.0,1.0,0.0,0.0,0.0,4.0,0.0
Chelsea,Jadon Sancho,eng ENG,FW,24.0,31,19,1764.0,19.6,3.0,4.0,7.0,3.0,0.0,0.0,2.0,0.0
Chelsea,Tosin Adarabioyo,eng ENG,DF,26.0,22,15,1409.0,15.7,1.0,1.0,2.0,1.0,0.0,0.0,4.0,0.0
Chelsea,Wesley Fofana,fr FRA,DF,23.0,14,14,1172.0,13.0,0.0,0.0,0.0,0.0,0.0,0.0,7.0,0.0
Chelsea,Reece James,eng ENG,"DF,MF",24.0,19,12,1063.0,11.8,1.0,1.0,2.0,1.0,0.0,0.0,1.0,0.0
Chelsea,Trevoh Chalobah,eng ENG,DF,25.0,13,11,910.0,10.1,0.0,1.0,1.0,0.0,0.0,0.0,2.0,0.0
Chelsea,Roméo Lavia,be BEL,MF,20.0,16,11,797.0,8.9,0.0,1.0,1.0,0.0,0.0,0.0,4.0,0.0
Chelsea,Christopher Nkunku,fr FRA,FW,26.0,27,9,921.0,10.2,3.0,2.0,5.0,3.0,0.0,0.0,2.0,0.0
Chelsea,Filip Jørgensen,dk DEN,GK,22.0,6,6,540.0,6.0,0.0,0.0,0.0,0.0,0.0,0.0,0.0,0.0
Chelsea,Axel Disasi,fr FRA,DF,26.0,6,4,364.0,4.0,1.0,0.0,1.0,1.0,0.0,0.0,1.0,0.0
Chelsea,João Félix,pt POR,"FW,MF",24.0,12,3,369.0,4.1,1.0,1.0,2.0,1.0,0.0,0.0,2.0,0.0
Chelsea,Benoît Badiashile,fr FRA,DF,23.0,5,3,334.0,3.7,0.0,0.0,0.0,0.0,0.0,0.0,0.0,0.0
Chelsea,Kiernan Dewsbury-Hall,eng ENG,"MF,FW",25.0,13,2,264.0,2.9,0.0,1.0,1.0,0.0,0.0,0.0,0.0,0.0
Chelsea,Joshua Acheampong,eng ENG,DF,18.0,4,2,170.0,1.9,0.0,0.0,0.0,0.0,0.0,0.0,1.0,0.0
Chelsea,Tyrique George,eng ENG,FW,18.0,8,1,183.0,2.0,1.0,1.0,2.0,1.0,0.0,0.0,1.0,0.0
Chelsea,Renato Veiga,pt POR,"DF,MF",21.0,7,1,181.0,2.0,0.0,0.0,0.0,0.0,0.0,0.0,2.0,0.0
Chelsea,Mykhailo Mudryk,ua UKR,FW,23.0,7,1,151.0,1.7,0.0,0.0,0.0,0.0,0.0,0.0,0.0,0.0
Chelsea,Marc Guiu,es ESP,FW,18.0,3,0,73.0,0.8,0.0,0.0,0.0,0.0,0.0,0.0,0.0,0.0
Chelsea,Mathis Amougou,fr FRA,MF,18.0,1,0,8.0,0.1,0.0,0.0,0.0,0.0,0.0,0.0,0.0,0.0
Chelsea,Shumaira Mheuka,eng ENG,MF,16.0,1,0,1.0,0.0,0.0,0.0,0.0,0.0,0.0,0.0,0.0,0.0
Chelsea,Aaron Anselmino,ar ARG,DF,19.0,0,0,0.0,0.0,0.0,0.0,0.0,0.0,0.0,0.0,0.0,0.0
Chelsea,Genesis Antwi,se SWE,MF,17.0,0,0,0.0,0.0,0.0,0.0,0.0,0.0,0.0,0.0,0.0,0.0
Chelsea,Marcus Bettinelli,eng ENG,GK,32.0,0,0,0.0,0.0,0.0,0.0,0.0,0.0,0.0,0.0,0.0,0.0
Chelsea,Cesare Casadei,it ITA,MF,21.0,0,0,0.0,0.0,0.0,0.0,0.0,0.0,0.0,0.0,0.0,0.0
Chelsea,Samuel Rak-Sakyi,eng ENG,MF,19.0,0,0,0.0,0.0,0.0,0.0,0.0,0.0,0.0,0.0,0.0,0.0
Chelsea,Ishé Samuels-Smith,eng ENG,DF,18.0,0,0,0.0,0.0,0.0,0.0,0.0,0.0,0.0,0.0,0.0,0.0
Newcastle Utd,Bruno Guimarães,br BRA,MF,26.0,38,38,3271.0,36.3,5.0,6.0,11.0,5.0,0.0,0.0,7.0,0.0
Newcastle Utd,Dan Burn,eng ENG,DF,32.0,37,37,3330.0,37.0,1.0,1.0,2.0,1.0,0.0,0.0,11.0,0.0
Newcastle Utd,Alexander Isak,se SWE,FW,24.0,34,34,2756.0,30.6,23.0,6.0,29.0,19.0,4.0,4.0,1.0,0.0
Newcastle Utd,Fabian Schär,ch SUI,DF,32.0,34,33,2934.0,32.6,4.0,0.0,4.0,4.0,0.0,0.0,9.0,1.0
Newcastle Utd,Valentino Livramento,eng ENG,DF,21.0,37,32,2840.0,31.6,0.0,1.0,1.0,0.0,0.0,0.0,1.0,0.0
Newcastle Utd,Jacob Murphy,eng ENG,FW,29.0,35,31,2360.0,26.2,8.0,12.0,20.0,8.0,0.0,0.0,4.0,0.0
Newcastle Utd,Joelinton,br BRA,"MF,FW",27.0,29,29,2393.0,26.6,4.0,3.0,7.0,4.0,0.0,0.0,10.0,0.0
Newcastle Utd,Sandro Tonali,it ITA,MF,24.0,36,28,2630.0,29.2,4.0,2.0,6.0,4.0,0.0,0.0,5.0,0.0
Newcastle Utd,Nick Pope,eng ENG,GK,32.0,28,28,2520.0,28.0,0.0,0.0,0.0,0.0,0.0,0.0,2.0,0.0
Newcastle Utd,Anthony Gordon,eng ENG,"FW,MF",23.0,34,28,2434.0,27.0,6.0,5.0,11.0,5.0,1.0,2.0,2.0,0.0
Newcastle Utd,Lewis Hall,eng ENG,DF,19.0,27,24,2189.0,24.3,0.0,4.0,4.0,0.0,0.0,0.0,3.0,0.0
Newcastle Utd,Harvey Barnes,eng ENG,FW,26.0,33,17,1755.0,19.5,9.0,4.0,13.0,9.0,0.0,0.0,0.0,0.0
Newcastle Utd,Kieran Trippier,eng ENG,DF,33.0,25,14,1309.0,14.5,0.0,3.0,3.0,0.0,0.0,0.0,1.0,0.0
Newcastle Utd,Joe Willock,eng ENG,"MF,FW",24.0,32,11,1086.0,12.1,0.0,2.0,2.0,0.0,0.0,0.0,4.0,0.0
Newcastle Utd,Martin Dúbravka,sk SVK,GK,35.0,10,10,900.0,10.0,0.0,0.0,0.0,0.0,0.0,0.0,0.0,0.0
Newcastle Utd,Sean Longstaff,eng ENG,MF,26.0,25,8,798.0,8.9,0.0,0.0,0.0,0.0,0.0,0.0,2.0,0.0
Newcastle Utd,Sven Botman,nl NED,DF,24.0,8,6,412.0,4.6,0.0,0.0,0.0,0.0,0.0,0.0,1.0,0.0
Newcastle Utd,Lloyd Kelly,eng ENG,DF,25.0,10,4,303.0,3.4,0.0,1.0,1.0,0.0,0.0,0.0,2.0,0.0
Newcastle Utd,Callum Wilson,eng ENG,FW,32.0,18,2,370.0,4.1,0.0,0.0,0.0,0.0,0.0,0.0,1.0,0.0
Newcastle Utd,Emil Krafth,se SWE,DF,29.0,12,2,342.0,3.8,0.0,0.0,0.0,0.0,0.0,0.0,2.0,0.0
Newcastle Utd,Lewis Miley,eng ENG,MF,18.0,14,1,313.0,3.5,1.0,0.0,1.0,1.0,0.0,0.0,0.0,0.0
Newcastle Utd,Miguel Almirón,py PAR,FW,30.0,9,1,157.0,1.7,0.0,0.0,0.0,0.0,0.0,0.0,0.0,0.0
Newcastle Utd,William Osula,dk DEN,FW,20.0,14,0,134.0,1.5,1.0,0.0,1.0,1.0,0.0,0.0,0.0,0.0
Newcastle Utd,Matt Targett,eng ENG,DF,28.0,2,0,21.0,0.2,0.0,0.0,0.0,0.0,0.0,0.0,0.0,0.0
Newcastle Utd,Jamaal Lascelles,eng ENG,DF,30.0,0,0,0.0,0.0,0.0,0.0,0.0,0.0,0.0,0.0,0.0,0.0
Newcastle Utd,Alex Murphy,ie IRL,DF,20.0,0,0,0.0,0.0,0.0,0.0,0.0,0.0,0.0,0.0,0.0,0.0
Newcastle Utd,Sean Neave,eng ENG,FW,17.0,0,0,0.0,0.0,0.0,0.0,0.0,0.0,0.0,0.0,0.0,0.0
Newcastle Utd,John Ruddy,eng ENG,GK,37.0,0,0,0.0,0.0,0.0,0.0,0.0,0.0,0.0,0.0,0.0,0.0
Newcastle Utd,Leo Shahar,eng ENG,DF,17.0,0,0,0.0,0.0,0.0,0.0,0.0,0.0,0.0,0.0,0.0,0.0
Newcastle Utd,Odysseas Vlachodimos,gr GRE,GK,30.0,0,0,0.0,0.0,0.0,0.0,0.0,0.0,0.0,0.0,0.0,0.0
Aston Villa,Emiliano Martínez,ar ARG,GK,31.0,37,37,3194.0,35.5,0.0,0.0,0.0,0.0,0.0,0.0,5.0,1.0
Aston Villa,Morgan Rogers,eng ENG,"FW,MF",22.0,37,37,3114.0,34.6,8.0,10.0,18.0,8.0,0.0,0.0,10.0,0.0
Aston Villa,Youri Tielemans,be BEL,MF,27.0,36,35,3026.0,33.6,3.0,7.0,10.0,3.0,0.0,1.0,4.0,0.0
Aston Villa,Ezri Konsa,eng ENG,DF,26.0,34,33,2936.0,32.6,2.0,0.0,2.0,2.0,0.0,0.0,1.0,0.0
Aston Villa,Ollie Watkins,eng ENG,FW,28.0,38,31,2598.0,28.9,16.0,8.0,24.0,14.0,2.0,2.0,2.0,0.0
Aston Villa,Lucas Digne,fr FRA,DF,31.0,32,28,2351.0,26.1,0.0,4.0,4.0,0.0,0.0,0.0,4.0,0.0
Aston Villa,John McGinn,sct SCO,"MF,FW",29.0,34,27,2223.0,24.7,1.0,4.0,5.0,1.0,0.0,0.0,7.0,0.0
Aston Villa,Matty Cash,pl POL,DF,26.0,27,24,2070.0,23.0,1.0,1.0,2.0,1.0,0.0,0.0,7.0,0.0
Aston Villa,Pau Torres,es ESP,DF,27.0,24,23,2020.0,22.4,0.0,0.0,0.0,0.0,0.0,0.0,2.0,0.0
Aston Villa,Boubacar Kamara,fr FRA,MF,24.0,26,20,1726.0,19.2,1.0,0.0,1.0,1.0,0.0,0.0,2.0,0.0
Aston Villa,Amadou Onana,be BEL,MF,22.0,26,20,1617.0,18.0,3.0,0.0,3.0,3.0,0.0,0.0,4.0,0.0
Aston Villa,Jacob Ramsey,eng ENG,"FW,MF",23.0,29,19,1623.0,18.0,1.0,3.0,4.0,1.0,0.0,0.0,4.0,1.0
Aston Villa,Leon Bailey,jm JAM,"FW,MF",26.0,24,14,1139.0,12.7,1.0,2.0,3.0,1.0,0.0,0.0,3.0,0.0
Aston Villa,Tyrone Mings,eng ENG,DF,31.0,14,12,1120.0,12.4,0.0,0.0,0.0,0.0,0.0,0.0,1.0,0.0
Aston Villa,Ian Maatsen,nl NED,DF,22.0,29,10,1139.0,12.7,1.0,2.0,3.0,1.0,0.0,0.0,2.0,0.0
Aston Villa,Marco Asensio,es ESP,MF,28.0,13,9,743.0,8.3,3.0,1.0,4.0,3.0,0.0,2.0,2.0,0.0
Aston Villa,Diego Carlos,br BRA,DF,31.0,10,8,830.0,9.2,0.0,0.0,0.0,0.0,0.0,0.0,1.0,0.0
Aston Villa,Axel Disasi,fr FRA,DF,26.0,7,5,490.0,5.4,0.0,0.0,0.0,0.0,0.0,0.0,2.0,0.0
Aston Villa,Lamare Bogarde,nl NED,"DF,MF",20.0,8,5,476.0,5.3,0.0,0.0,0.0,0.0,0.0,0.0,2.0,0.0
Aston Villa,Andrés García,es ESP,"DF,MF",21.0,7,5,318.0,3.5,0.0,0.0,0.0,0.0,0.0,0.0,0.0,0.0
Aston Villa,Jáder Durán,co COL,FW,20.0,20,4,638.0,7.1,7.0,0.0,7.0,7.0,0.0,0.0,3.0,1.0
Aston Villa,Marcus Rashford,eng ENG,FW,26.0,10,4,444.0,4.9,2.0,2.0,4.0,1.0,1.0,1.0,0.0,0.0
Aston Villa,Ross Barkley,eng ENG,MF,30.0,20,3,581.0,6.5,3.0,1.0,4.0,3.0,0.0,0.0,3.0,0.0
Aston Villa,Jaden Philogene Bidace,eng ENG,"FW,MF",22.0,11,2,332.0,3.7,0.0,0.0,0.0,0.0,0.0,0.0,4.0,1.0
Aston Villa,Donyell Malen,nl NED,FW,25.0,14,2,305.0,3.4,3.0,0.0,3.0,3.0,0.0,0.0,0.0,0.0
Aston Villa,Robin Olsen,se SWE,GK,34.0,4,1,226.0,2.5,0.0,0.0,0.0,0.0,0.0,0.0,0.0,0.0
Aston Villa,Kosta Nedeljković,rs SRB,DF,18.0,5,0,126.0,1.4,0.0,0.0,0.0,0.0,0.0,0.0,0.0,0.0
Aston Villa,Emi Buendía,ar ARG,"MF,FW",27.0,12,0,98.0,1.1,0.0,0.0,0.0,0.0,0.0,0.0,1.0,0.0
Aston Villa,Benjamin Broggio,eng ENG,FW,17.0,0,0,0.0,0.0,0.0,0.0,0.0,0.0,0.0,0.0,0.0,0.0
Aston Villa,Joe Gauci,au AUS,GK,24.0,0,0,0.0,0.0,0.0,0.0,0.0,0.0,0.0,0.0,0.0,0.0
Aston Villa,Jamaldeen Jimoh,eng ENG,MF,17.0,0,0,0.0,0.0,0.0,0.0,0.0,0.0,0.0,0.0,0.0,0.0
Aston Villa,Sil Swinkels,nl NED,DF,20.0,0,0,0.0,0.0,0.0,0.0,0.0,0.0,0.0,0.0,0.0,0.0
Aston Villa,Kadan Young,eng ENG,MF,18.0,0,0,0.0,0.0,0.0,0.0,0.0,0.0,0.0,0.0,0.0,0.0
Aston Villa,Oliwier Zych,pl POL,GK,20.0,0,0,0.0,0.0,0.0,0.0,0.0,0.0,0.0,0.0,0.0,0.0
Nott'ham Forest,Matz Sels,be BEL,GK,32.0,38,38,3420.0,38.0,0.0,0.0,0.0,0.0,0.0,0.0,4.0,0.0
Nott'ham Forest,Nikola Milenković,rs SRB,DF,26.0,37,37,3330.0,37.0,5.0,2.0,7.0,5.0,0.0,0.0,4.0,0.0
Nott'ham Forest,Murillo,br BRA,DF,22.0,36,36,3188.0,35.4,2.0,0.0,2.0,2.0,0.0,0.0,6.0,0.0
Nott'ham Forest,Ola Aina,ng NGA,DF,27.0,35,35,2995.0,33.3,2.0,1.0,3.0,2.0,0.0,0.0,5.0,0.0
Nott'ham Forest,Chris Wood,nz NZL,FW,32.0,36,35,2959.0,32.9,20.0,3.0,23.0,17.0,3.0,3.0,1.0,0.0
Nott'ham Forest,Morgan Gibbs-White,eng ENG,MF,24.0,34,34,2803.0,31.1,7.0,8.0,15.0,7.0,0.0,0.0,11.0,1.0
Nott'ham Forest,Elliot Anderson,eng ENG,MF,21.0,37,33,2728.0,30.3,2.0,6.0,8.0,2.0,0.0,0.0,10.0,0.0
Nott'ham Forest,Anthony Elanga,se SWE,"FW,MF",22.0,38,31,2501.0,27.8,6.0,11.0,17.0,6.0,0.0,0.0,1.0,0.0
Nott'ham Forest,Neco Williams,wls WAL,DF,23.0,35,28,2594.0,28.8,1.0,3.0,4.0,1.0,0.0,0.0,7.0,0.0
Nott'ham Forest,Callum Hudson-Odoi,eng ENG,"FW,MF",23.0,31,25,2194.0,24.4,5.0,2.0,7.0,5.0,0.0,0.0,2.0,0.0
Nott'ham Forest,Nicolás Domínguez,ar ARG,"MF,FW",26.0,34,23,1963.0,21.8,0.0,1.0,1.0,0.0,0.0,0.0,9.0,0.0
Nott'ham Forest,Ryan Yates,eng ENG,MF,26.0,35,18,1915.0,21.3,2.0,1.0,3.0,2.0,0.0,0.0,10.0,0.0
Nott'ham Forest,Álex Moreno,es ESP,"DF,MF",31.0,15,11,955.0,10.6,0.0,1.0,1.0,0.0,0.0,0.0,2.0,0.0
Nott'ham Forest,Ibrahim Sangaré,ci CIV,MF,26.0,13,7,590.0,6.6,0.0,1.0,1.0,0.0,0.0,0.0,3.0,0.0
Nott'ham Forest,Morato,br BRA,DF,23.0,26,6,907.0,10.1,0.0,0.0,0.0,0.0,0.0,0.0,5.0,0.0
Nott'ham Forest,Jota Silva,pt POR,"FW,MF",24.0,31,5,854.0,9.5,3.0,1.0,4.0,3.0,0.0,0.0,5.0,0.0
Nott'ham Forest,James Ward-Prowse,eng ENG,MF,29.0,9,5,400.0,4.4,0.0,1.0,1.0,0.0,0.0,0.0,2.0,1.0
Nott'ham Forest,Danilo,br BRA,"MF,FW",23.0,8,5,275.0,3.1,0.0,0.0,0.0,0.0,0.0,0.0,0.0,0.0
Nott'ham Forest,Taiwo Awoniyi,ng NGA,FW,26.0,26,3,416.0,4.6,1.0,0.0,1.0,1.0,0.0,0.0,0.0,0.0
Nott'ham Forest,Ramón Sosa,py PAR,"FW,MF",24.0,19,1,295.0,3.3,1.0,0.0,1.0,1.0,0.0,0.0,1.0,0.0
Nott'ham Forest,Willy Boly,ci CIV,DF,33.0,6,1,150.0,1.7,0.0,0.0,0.0,0.0,0.0,0.0,1.0,0.0
Nott'ham Forest,Harry Toffolo,eng ENG,DF,28.0,4,1,137.0,1.5,0.0,0.0,0.0,0.0,0.0,0.0,1.0,0.0
Nott'ham Forest,Eric da Silva Moreira,de GER,"MF,DF",18.0,2,0,30.0,0.3,0.0,0.0,0.0,0.0,0.0,0.0,0.0,0.0
Nott'ham Forest,Zach Abbott,eng ENG,DF,18.0,0,0,0.0,0.0,0.0,0.0,0.0,0.0,0.0,0.0,0.0,0.0
Nott'ham Forest,Wayne Hennessey,wls WAL,GK,37.0,0,0,0.0,0.0,0.0,0.0,0.0,0.0,0.0,0.0,0.0,0.0
Nott'ham Forest,Carlos Miguel,br BRA,GK,25.0,0,0,0.0,0.0,0.0,0.0,0.0,0.0,0.0,0.0,0.0,0.0
Nott'ham Forest,Andrew Omobamidele,ie IRL,DF,22.0,0,0,0.0,0.0,0.0,0.0,0.0,0.0,0.0,0.0,0.0,0.0
Brighton,Bart Verbruggen,nl NED,GK,21.0,36,36,3240.0,36.0,0.0,1.0,1.0,0.0,0.0,0.0,5.0,0.0
Brighton,Jan Paul van Hecke,nl NED,DF,24.0,34,33,2958.0,32.9,1.0,1.0,2.0,1.0,0.0,0.0,8.0,1.0
Brighton,Carlos Baleba,cm CMR,MF,20.0,34,31,2661.0,29.6,3.0,1.0,4.0,3.0,0.0,0.0,8.0,1.0
Brighton,Kaoru Mitoma,jp JPN,"FW,MF",27.0,36,28,2603.0,28.9,10.0,4.0,14.0,10.0,0.0,0.0,1.0,0.0
Brighton,Pervis Estupiñán,ec ECU,DF,26.0,30,26,2402.0,26.7,1.0,1.0,2.0,1.0,0.0,0.0,5.0,0.0
Brighton,Danny Welbeck,eng ENG,FW,33.0,30,24,2115.0,23.5,10.0,4.0,14.0,9.0,1.0,1.0,5.0,0.0
Brighton,Lewis Dunk,eng ENG,DF,32.0,25,23,2083.0,23.1,0.0,0.0,0.0,0.0,0.0,0.0,5.0,0.0
Brighton,João Pedro,br BRA,"FW,MF",22.0,27,23,1948.0,21.6,10.0,6.0,16.0,5.0,5.0,5.0,4.0,1.0
Brighton,Yasin Ayari,se SWE,MF,20.0,34,22,1965.0,21.8,2.0,1.0,3.0,2.0,0.0,0.0,3.0,0.0
Brighton,Jack Hinshelwood,eng ENG,"MF,DF",19.0,26,22,1842.0,20.5,5.0,2.0,7.0,5.0,0.0,0.0,5.0,0.0
Brighton,Yankuba Minteh,gm GAM,"FW,MF",20.0,32,20,1838.0,20.4,6.0,4.0,10.0,6.0,0.0,0.0,6.0,0.0
Brighton,Joël Veltman,nl NED,DF,32.0,21,19,1697.0,18.9,0.0,0.0,0.0,0.0,0.0,0.0,5.0,0.0
Brighton,Georginio Rutter,fr FRA,"MF,FW",22.0,28,19,1656.0,18.4,5.0,3.0,8.0,5.0,0.0,0.0,2.0,0.0
Brighton,Simon Adingra,ci CIV,"FW,MF",22.0,29,12,1097.0,12.2,2.0,2.0,4.0,2.0,0.0,0.0,0.0,0.0
Brighton,Matt O'Riley,dk DEN,MF,23.0,21,11,938.0,10.4,2.0,2.0,4.0,1.0,1.0,1.0,1.0,0.0
Brighton,Adam Webster,eng ENG,DF,29.0,14,11,887.0,9.9,0.0,0.0,0.0,0.0,0.0,0.0,1.0,0.0
Brighton,Mats Wieffer,nl NED,"DF,MF",24.0,25,10,1015.0,11.3,1.0,3.0,4.0,1.0,0.0,0.0,6.0,0.0
Brighton,Igor,br BRA,DF,26.0,13,10,961.0,10.7,0.0,0.0,0.0,0.0,0.0,0.0,4.0,0.0
Brighton,Tariq Lamptey,gh GHA,DF,23.0,15,10,860.0,9.6,2.0,2.0,4.0,2.0,0.0,0.0,0.0,0.0
Brighton,Brajan Gruda,de GER,"MF,FW",20.0,21,8,687.0,7.6,1.0,4.0,5.0,1.0,0.0,0.0,0.0,0.0
Brighton,Ferdi Kadioglu,tr TUR,"DF,MF",24.0,6,5,385.0,4.3,1.0,0.0,1.0,1.0,0.0,0.0,1.0,0.0
Brighton,Diego Gómez,py PAR,MF,21.0,16,4,516.0,5.7,1.0,0.0,1.0,1.0,0.0,0.0,0.0,0.0
Brighton,James Milner,eng ENG,MF,38.0,4,3,170.0,1.9,0.0,0.0,0.0,0.0,0.0,0.0,1.0,0.0
Brighton,Julio Enciso,py PAR,"MF,FW",20.0,12,2,294.0,3.3,0.0,0.0,0.0,0.0,0.0,0.0,0.0,0.0
Brighton,Evan Ferguson,ie IRL,FW,19.0,13,2,246.0,2.7,1.0,0.0,1.0,1.0,0.0,0.0,0.0,0.0
Brighton,Jason Steele,eng ENG,GK,33.0,2,2,180.0,2.0,0.0,0.0,0.0,0.0,0.0,0.0,0.0,0.0
Brighton,Solly March,eng ENG,"FW,MF",30.0,8,1,168.0,1.9,0.0,0.0,0.0,0.0,0.0,0.0,2.0,0.0
Brighton,Billy Gilmour,sct SCO,MF,23.0,2,1,98.0,1.1,0.0,0.0,0.0,0.0,0.0,0.0,0.0,0.0
Brighton,Eiran Cashin,ie IRL,DF,22.0,2,0,20.0,0.2,0.0,0.0,0.0,0.0,0.0,0.0,0.0,0.0
Brighton,Jakub Moder,pl POL,MF,25.0,4,0,11.0,0.1,0.0,0.0,0.0,0.0,0.0,0.0,0.0,0.0
Brighton,Jeremy Sarmiento,ec ECU,MF,22.0,1,0,9.0,0.1,0.0,0.0,0.0,0.0,0.0,0.0,0.0,0.0
Brighton,Harry Howell,eng ENG,FW,15.0,1,0,7.0,0.1,0.0,0.0,0.0,0.0,0.0,0.0,0.0,0.0
Brighton,Valentín Barco,ar ARG,"DF,MF",20.0,0,0,0.0,0.0,0.0,0.0,0.0,0.0,0.0,0.0,0.0,0.0
Brighton,Killian Cahill,ie IRL,GK,20.0,0,0,0.0,0.0,0.0,0.0,0.0,0.0,0.0,0.0,0.0,0.0
Brighton,Joe Knight,eng ENG,MF,18.0,0,0,0.0,0.0,0.0,0.0,0.0,0.0,0.0,0.0,0.0,0.0
Brighton,Ruairi Mcconville,nir NIR,DF,19.0,0,0,0.0,0.0,0.0,0.0,0.0,0.0,0.0,0.0,0.0,0.0
Brighton,Mark O'Mahony,ie IRL,FW,19.0,0,0,0.0,0.0,0.0,0.0,0.0,0.0,0.0,0.0,0.0,0.0
Brighton,Carl Rushworth,eng ENG,GK,23.0,0,0,0.0,0.0,0.0,0.0,0.0,0.0,0.0,0.0,0.0,0.0
Brighton,Imari Samuels,eng ENG,DF,21.0,0,0,0.0,0.0,0.0,0.0,0.0,0.0,0.0,0.0,0.0,0.0
Brighton,Freddie Simmonds,eng ENG,DF,16.0,0,0,0.0,0.0,0.0,0.0,0.0,0.0,0.0,0.0,0.0,0.0
Brighton,Jacob Slater,ie IRL,DF,19.0,0,0,0.0,0.0,0.0,0.0,0.0,0.0,0.0,0.0,0.0,0.0
Brighton,Charlie Tasker,eng ENG,DF,18.0,0,0,0.0,0.0,0.0,0.0,0.0,0.0,0.0,0.0,0.0,0.0
Bournemouth,Milos Kerkez,hu HUN,DF,20.0,38,38,3336.0,37.1,2.0,5.0,7.0,2.0,0.0,0.0,4.0,0.0
Bournemouth,Antoine Semenyo,gh GHA,FW,24.0,37,36,3203.0,35.6,11.0,5.0,16.0,11.0,0.0,0.0,9.0,0.0
Bournemouth,Illia Zabarnyi,ua UKR,DF,21.0,36,35,3109.0,34.5,0.0,1.0,1.0,0.0,0.0,0.0,4.0,1.0
Bournemouth,Lewis Cook,eng ENG,"MF,DF",27.0,36,32,2978.0,33.1,1.0,3.0,4.0,1.0,0.0,0.0,8.0,1.0
Bournemouth,Kepa Arrizabalaga,es ESP,GK,29.0,31,31,2790.0,31.0,0.0,0.0,0.0,0.0,0.0,0.0,3.0,0.0
Bournemouth,Justin Kluivert,nl NED,MF,25.0,34,29,2340.0,26.0,12.0,6.0,18.0,6.0,6.0,6.0,8.0,0.0
Bournemouth,Evanilson,br BRA,FW,24.0,31,28,2319.0,25.8,10.0,1.0,11.0,10.0,0.0,1.0,1.0,1.0
Bournemouth,Ryan Christie,sct SCO,MF,29.0,29,27,2117.0,23.5,2.0,3.0,5.0,2.0,0.0,0.0,9.0,0.0
Bournemouth,Dean Huijsen,es ESP,DF,19.0,32,26,2427.0,27.0,3.0,2.0,5.0,3.0,0.0,0.0,10.0,0.0
Bournemouth,Dango Ouattara,bf BFA,FW,22.0,32,21,2005.0,22.3,7.0,4.0,11.0,7.0,0.0,0.0,3.0,0.0
Bournemouth,Tyler Adams,us USA,MF,25.0,28,21,1965.0,21.8,0.0,3.0,3.0,0.0,0.0,0.0,7.0,0.0
Bournemouth,Marcus Tavernier,eng ENG,"FW,MF",25.0,29,20,1939.0,21.5,3.0,5.0,8.0,3.0,0.0,0.0,6.0,0.0
Bournemouth,Adam Smith,eng ENG,DF,33.0,25,19,1590.0,17.7,0.0,0.0,0.0,0.0,0.0,0.0,7.0,0.0
Bournemouth,Marcos Senesi,ar ARG,DF,27.0,17,13,1106.0,12.3,0.0,0.0,0.0,0.0,0.0,0.0,5.0,0.0
Bournemouth,David Brooks,wls WAL,"FW,MF",27.0,29,9,960.0,10.7,2.0,0.0,2.0,2.0,0.0,0.0,3.0,0.0
Bournemouth,Alex Scott,eng ENG,MF,20.0,20,8,755.0,8.4,0.0,0.0,0.0,0.0,0.0,0.0,3.0,0.0
Bournemouth,Julian Araujo,mx MEX,DF,22.0,12,7,497.0,5.5,0.0,0.0,0.0,0.0,0.0,0.0,2.0,0.0
Bournemouth,James Hill,eng ENG,DF,22.0,10,6,448.0,5.0,0.0,1.0,1.0,0.0,0.0,0.0,1.0,0.0
Bournemouth,Mark Travers,ie IRL,GK,25.0,5,5,450.0,5.0,0.0,0.0,0.0,0.0,0.0,0.0,0.0,0.0
Bournemouth,Enes Ünal,tr TUR,"FW,MF",27.0,17,2,345.0,3.8,2.0,1.0,3.0,2.0,0.0,0.0,2.0,0.0
Bournemouth,Neto,br BRA,GK,35.0,2,2,180.0,2.0,0.0,0.0,0.0,0.0,0.0,0.0,0.0,0.0
Bournemouth,Luis Sinisterra,co COL,"FW,MF",25.0,12,1,236.0,2.6,1.0,1.0,2.0,1.0,0.0,0.0,0.0,0.0
Bournemouth,Philip Billing,dk DEN,MF,28.0,10,1,184.0,2.0,0.0,0.0,0.0,0.0,0.0,0.0,1.0,0.0
Bournemouth,Max Aarons,eng ENG,DF,24.0,3,1,86.0,1.0,0.0,0.0,0.0,0.0,0.0,0.0,0.0,0.0
Bournemouth,Daniel Jebbison,ca CAN,FW,20.0,16,0,119.0,1.3,1.0,0.0,1.0,1.0,0.0,0.0,1.0,0.0
Bournemouth,Ben Winterburn,eng ENG,"MF,FW",19.0,4,0,24.0,0.3,0.0,0.0,0.0,0.0,0.0,0.0,0.0,0.0
Bournemouth,Julio Soler,ar ARG,"DF,FW",19.0,3,0,11.0,0.1,0.0,0.0,0.0,0.0,0.0,0.0,0.0,0.0
Bournemouth,Remy Rees-Dottin,eng ENG,FW,18.0,1,0,1.0,0.0,0.0,0.0,0.0,0.0,0.0,0.0,0.0,0.0
Bournemouth,Zain Silcott-Duberry,ms MSR,FW,19.0,1,0,1.0,0.0,0.0,0.0,0.0,0.0,0.0,0.0,0.0,0.0
Bournemouth,Daniel Adu-Adjei,eng ENG,FW,19.0,0,0,0.0,0.0,0.0,0.0,0.0,0.0,0.0,0.0,0.0,0.0
Bournemouth,Matai Akinmboni,us USA,DF,17.0,0,0,0.0,0.0,0.0,0.0,0.0,0.0,0.0,0.0,0.0,0.0
Bournemouth,Jaidon Anthony,eng ENG,"FW,MF",24.0,0,0,0.0,0.0,0.0,0.0,0.0,0.0,0.0,0.0,0.0,0.0
Bournemouth,Will Dennis,eng ENG,GK,24.0,0,0,0.0,0.0,0.0,0.0,0.0,0.0,0.0,0.0,0.0,0.0
Bournemouth,Archie Harris,wls WAL,DF,19.0,0,0,0.0,0.0,0.0,0.0,0.0,0.0,0.0,0.0,0.0,0.0
Bournemouth,Hamed Junior Traorè,ci CIV,"FW,MF",24.0,0,0,0.0,0.0,0.0,0.0,0.0,0.0,0.0,0.0,0.0,0.0
Bournemouth,Callan Mckenna,sct SCO,GK,17.0,0,0,0.0,0.0,0.0,0.0,0.0,0.0,0.0,0.0,0.0,0.0
Bournemouth,Dominic Sadi,eng ENG,MF,20.0,0,0,0.0,0.0,0.0,0.0,0.0,0.0,0.0,0.0,0.0,0.0
Bournemouth,Maxwell Wellings,eng ENG,DF,19.0,0,0,0.0,0.0,0.0,0.0,0.0,0.0,0.0,0.0,0.0,0.0
Brentford,Nathan Collins,ie IRL,DF,23.0,38,38,3420.0,38.0,2.0,3.0,5.0,2.0,0.0,0.0,5.0,0.0
Brentford,Bryan Mbeumo,cm CMR,FW,24.0,38,38,3414.0,37.9,20.0,7.0,27.0,15.0,5.0,6.0,3.0,0.0
Brentford,Mark Flekken,nl NED,GK,31.0,37,37,3275.0,36.4,0.0,2.0,2.0,0.0,0.0,0.0,1.0,0.0
Brentford,Keane Lewis-Potter,eng ENG,"DF,FW",23.0,38,36,3093.0,34.4,1.0,3.0,4.0,1.0,0.0,0.0,7.0,0.0
Brentford,Yoane Wissa,cd COD,FW,27.0,35,34,2919.0,32.4,19.0,4.0,23.0,19.0,0.0,0.0,5.0,0.0
Brentford,Mikkel Damsgaard,dk DEN,"MF,FW",24.0,38,34,2911.0,32.3,2.0,10.0,12.0,2.0,0.0,0.0,2.0,0.0
Brentford,Christian Nørgaard,dk DEN,MF,30.0,34,34,2819.0,31.3,5.0,4.0,9.0,5.0,0.0,0.0,8.0,1.0
Brentford,Sepp van den Berg,nl NED,DF,22.0,31,29,2586.0,28.7,0.0,0.0,0.0,0.0,0.0,0.0,3.0,0.0
Brentford,Vitaly Janelt,de GER,MF,26.0,32,27,2254.0,25.0,1.0,3.0,4.0,1.0,0.0,0.0,3.0,0.0
Brentford,Kevin Schade,de GER,FW,22.0,38,26,2293.0,25.5,11.0,2.0,13.0,11.0,0.0,0.0,3.0,0.0
Brentford,Ethan Pinnock,jm JAM,DF,31.0,22,21,1913.0,21.3,2.0,0.0,2.0,2.0,0.0,0.0,2.0,0.0
Brentford,Kristoffer Ajer,no NOR,DF,26.0,24,17,1438.0,16.0,0.0,0.0,0.0,0.0,0.0,0.0,5.0,0.0
Brentford,Yehor Yarmoliuk,ua UKR,MF,20.0,31,15,1450.0,16.1,0.0,0.0,0.0,0.0,0.0,0.0,6.0,0.0
Brentford,Mads Roerslev,dk DEN,DF,25.0,19,11,1101.0,12.2,0.0,2.0,2.0,0.0,0.0,0.0,2.0,0.0
Brentford,Mathias Jensen,dk DEN,MF,28.0,24,8,862.0,9.6,0.0,2.0,2.0,0.0,0.0,0.0,2.0,0.0
Brentford,Michael Kayode,it ITA,DF,20.0,12,6,528.0,5.9,0.0,1.0,1.0,0.0,0.0,0.0,2.0,0.0
Brentford,Fabio Carvalho,pt POR,"FW,MF",21.0,19,3,455.0,5.1,2.0,1.0,3.0,2.0,0.0,0.0,1.0,0.0
Brentford,Ben Mee,eng ENG,DF,34.0,7,2,183.0,2.0,0.0,0.0,0.0,0.0,0.0,0.0,2.0,0.0
Brentford,Thiago,br BRA,"FW,MF",23.0,8,1,175.0,1.9,0.0,0.0,0.0,0.0,0.0,0.0,0.0,0.0
Brentford,Hákon Valdimarsson,is ISL,GK,22.0,2,1,145.0,1.6,0.0,0.0,0.0,0.0,0.0,0.0,0.0,0.0
Brentford,Edmond-Paris Maghoma,eng ENG,"MF,FW",23.0,8,0,119.0,1.3,0.0,0.0,0.0,0.0,0.0,0.0,0.0,0.0
Brentford,Rico Henry,eng ENG,DF,27.0,5,0,99.0,1.1,0.0,0.0,0.0,0.0,0.0,0.0,0.0,0.0
Brentford,Yunus Emre Konak,tr TUR,"FW,MF",18.0,10,0,42.0,0.5,0.0,0.0,0.0,0.0,0.0,0.0,0.0,0.0
Brentford,Kim Jisoo,kr KOR,DF,19.0,3,0,30.0,0.3,0.0,0.0,0.0,0.0,0.0,0.0,0.0,0.0
Brentford,Frank Onyeka,ng NGA,MF,26.0,2,0,25.0,0.3,0.0,0.0,0.0,0.0,0.0,0.0,0.0,0.0
Brentford,Gustavo Nunes,br BRA,"FW,MF",18.0,3,0,12.0,0.1,0.0,0.0,0.0,0.0,0.0,0.0,0.0,0.0
Brentford,Jayden Meghoma,eng ENG,DF,18.0,1,0,5.0,0.1,0.0,0.0,0.0,0.0,0.0,0.0,0.0,0.0
Brentford,Ryan Trevitt,eng ENG,MF,21.0,1,0,4.0,0.0,0.0,0.0,0.0,0.0,0.0,0.0,0.0,0.0
Brentford,Benjamin Arthur,eng ENG,DF,18.0,0,0,0.0,0.0,0.0,0.0,0.0,0.0,0.0,0.0,0.0,0.0
Brentford,Julian Eyestone,us USA,GK,18.0,0,0,0.0,0.0,0.0,0.0,0.0,0.0,0.0,0.0,0.0,0.0
Brentford,Benjamin Fredrick,ng NGA,DF,19.0,0,0,0.0,0.0,0.0,0.0,0.0,0.0,0.0,0.0,0.0,0.0
Brentford,Aaron Hickey,sct SCO,"DF,MF",22.0,0,0,0.0,0.0,0.0,0.0,0.0,0.0,0.0,0.0,0.0,0.0
Brentford,Iwan Morgan,wls WAL,FW,18.0,0,0,0.0,0.0,0.0,0.0,0.0,0.0,0.0,0.0,0.0,0.0
Brentford,Myles Peart-Harris,eng ENG,MF,21.0,0,0,0.0,0.0,0.0,0.0,0.0,0.0,0.0,0.0,0.0,0.0
Brentford,Tony Yogane,eng ENG,MF,18.0,0,0,0.0,0.0,0.0,0.0,0.0,0.0,0.0,0.0,0.0,0.0
Fulham,Bernd Leno,de GER,GK,32.0,38,38,3420.0,38.0,0.0,1.0,1.0,0.0,0.0,0.0,5.0,0.0
Fulham,Antonee Robinson,us USA,DF,26.0,36,35,3167.0,35.2,0.0,10.0,10.0,0.0,0.0,0.0,8.0,0.0
Fulham,Alex Iwobi,ng NGA,"FW,MF",28.0,38,35,2981.0,33.1,9.0,6.0,15.0,9.0,0.0,0.0,1.0,0.0
Fulham,Calvin Bassey,ng NGA,DF,24.0,35,34,3074.0,34.2,1.0,0.0,1.0,1.0,0.0,0.0,7.0,0.0
Fulham,Raúl Jiménez,mx MEX,FW,33.0,38,30,2494.0,27.7,12.0,3.0,15.0,9.0,3.0,3.0,4.0,0.0
Fulham,Joachim Andersen,dk DEN,DF,28.0,29,29,2583.0,28.7,0.0,0.0,0.0,0.0,0.0,0.0,6.0,1.0
Fulham,Saša Lukić,rs SRB,MF,27.0,30,28,2344.0,26.0,0.0,2.0,2.0,0.0,0.0,0.0,12.0,0.0
Fulham,Sander Berge,no NOR,MF,26.0,31,26,2224.0,24.7,0.0,0.0,0.0,0.0,0.0,0.0,6.0,0.0
Fulham,Emile Smith Rowe,eng ENG,MF,24.0,34,25,2043.0,22.7,6.0,3.0,9.0,6.0,0.0,0.0,3.0,0.0
Fulham,Andreas Pereira,br BRA,MF,28.0,33,25,2013.0,22.4,2.0,4.0,6.0,2.0,0.0,1.0,7.0,0.0
Fulham,Kenny Tete,nl NED,DF,28.0,22,21,1774.0,19.7,0.0,2.0,2.0,0.0,0.0,0.0,5.0,0.0
Fulham,Adama Traoré,es ESP,"FW,MF",28.0,36,18,1772.0,19.7,2.0,7.0,9.0,2.0,0.0,0.0,3.0,0.0
Fulham,Timothy Castagne,be BEL,DF,28.0,24,17,1649.0,18.3,0.0,1.0,1.0,0.0,0.0,0.0,1.0,0.0
Fulham,Issa Diop,fr FRA,DF,27.0,21,15,1339.0,14.9,0.0,0.0,0.0,0.0,0.0,0.0,2.0,0.0
Fulham,Harry Wilson,wls WAL,"FW,MF",27.0,25,12,1162.0,12.9,6.0,1.0,7.0,6.0,0.0,0.0,2.0,0.0
Fulham,Rodrigo Muniz,br BRA,FW,23.0,31,8,964.0,10.7,8.0,1.0,9.0,8.0,0.0,0.0,1.0,0.0
Fulham,Ryan Sessegnon,eng ENG,"FW,DF",24.0,16,7,580.0,6.4,4.0,2.0,6.0,4.0,0.0,0.0,1.0,0.0
Fulham,Reiss Nelson,eng ENG,FW,24.0,11,5,487.0,5.4,1.0,1.0,2.0,1.0,0.0,0.0,1.0,0.0
Fulham,Jorge Cuenca,es ESP,DF,24.0,8,4,351.0,3.9,0.0,0.0,0.0,0.0,0.0,0.0,0.0,0.0
Fulham,Tom Cairney,sct SCO,MF,33.0,25,3,628.0,7.0,2.0,0.0,2.0,2.0,0.0,0.0,3.0,1.0
Fulham,Willian,br BRA,"FW,MF",35.0,10,2,257.0,2.9,0.0,0.0,0.0,0.0,0.0,0.0,0.0,0.0
Fulham,Joshua King,eng ENG,MF,17.0,8,1,130.0,1.4,0.0,0.0,0.0,0.0,0.0,0.0,0.0,0.0
Fulham,Harrison Reed,eng ENG,MF,29.0,12,0,108.0,1.2,0.0,0.0,0.0,0.0,0.0,0.0,2.0,0.0
Fulham,Martial Godo,eng ENG,"FW,DF",21.0,2,0,24.0,0.3,0.0,0.0,0.0,0.0,0.0,0.0,0.0,0.0
Fulham,Carlos Vinícius,br BRA,"MF,FW",29.0,3,0,16.0,0.2,0.0,0.0,0.0,0.0,0.0,0.0,0.0,0.0
Fulham,Jay Stansfield,eng ENG,MF,21.0,1,0,1.0,0.0,0.0,0.0,0.0,0.0,0.0,0.0,0.0,0.0
Fulham,Samuel Amissah,eng ENG,DF,17.0,0,0,0.0,0.0,0.0,0.0,0.0,0.0,0.0,0.0,0.0,0.0
Fulham,Steven Benda,de GER,GK,25.0,0,0,0.0,0.0,0.0,0.0,0.0,0.0,0.0,0.0,0.0,0.0
Crystal Palace,Dean Henderson,eng ENG,GK,27.0,38,38,3420.0,38.0,0.0,0.0,0.0,0.0,0.0,0.0,3.0,0.0
Crystal Palace,Daniel Muñoz,co COL,DF,28.0,37,37,3228.0,35.9,4.0,5.0,9.0,4.0,0.0,0.0,10.0,0.0
Crystal Palace,Tyrick Mitchell,eng ENG,DF,24.0,37,37,3092.0,34.4,0.0,5.0,5.0,0.0,0.0,0.0,2.0,0.0
Crystal Palace,Maxence Lacroix,fr FRA,DF,24.0,35,35,3116.0,34.6,1.0,1.0,2.0,1.0,0.0,0.0,5.0,0.0
Crystal Palace,Marc Guéhi,eng ENG,DF,24.0,34,34,3059.0,34.0,3.0,2.0,5.0,3.0,0.0,0.0,9.0,1.0
Crystal Palace,Jean-Philippe Mateta,fr FRA,FW,27.0,37,33,2648.0,29.4,14.0,2.0,16.0,12.0,2.0,2.0,2.0,0.0
Crystal Palace,Eberechi Eze,eng ENG,"MF,FW",26.0,34,31,2588.0,28.8,8.0,8.0,16.0,7.0,1.0,2.0,1.0,0.0
Crystal Palace,Ismaila Sarr,sn SEN,MF,26.0,38,30,2711.0,30.1,8.0,6.0,14.0,8.0,0.0,0.0,4.0,0.0
Crystal Palace,Jefferson Lerma,co COL,"MF,DF",29.0,33,26,2274.0,25.3,0.0,1.0,1.0,0.0,0.0,0.0,9.0,0.0
Crystal Palace,Will Hughes,eng ENG,MF,29.0,33,24,2108.0,23.4,0.0,3.0,3.0,0.0,0.0,0.0,11.0,0.0
Crystal Palace,Chris Richards,us USA,DF,24.0,24,22,1922.0,21.4,1.0,0.0,1.0,1.0,0.0,0.0,4.0,1.0
Crystal Palace,Adam Wharton,eng ENG,MF,20.0,20,16,1318.0,14.6,0.0,2.0,2.0,0.0,0.0,0.0,2.0,0.0
Crystal Palace,Daichi Kamada,jp JPN,MF,27.0,34,15,1564.0,17.4,0.0,0.0,0.0,0.0,0.0,0.0,4.0,1.0
Crystal Palace,Trevoh Chalobah,eng ENG,DF,25.0,12,12,1060.0,11.8,3.0,0.0,3.0,3.0,0.0,0.0,1.0,0.0
Crystal Palace,Eddie Nketiah,eng ENG,"FW,MF",25.0,29,9,1034.0,11.5,3.0,1.0,4.0,3.0,0.0,0.0,6.0,1.0
Crystal Palace,Nathaniel Clyne,eng ENG,"DF,MF",33.0,13,5,483.0,5.4,0.0,0.0,0.0,0.0,0.0,0.0,1.0,0.0
Crystal Palace,Justin Devenny,nir NIR,MF,20.0,23,4,507.0,5.6,1.0,1.0,2.0,1.0,0.0,0.0,1.0,0.0
Crystal Palace,Cheick Doucouré,ml MLI,MF,24.0,13,4,452.0,5.0,0.0,0.0,0.0,0.0,0.0,0.0,1.0,0.0
Crystal Palace,Ben Chilwell,eng ENG,DF,27.0,8,1,259.0,2.9,1.0,0.0,1.0,1.0,0.0,0.0,1.0,0.0
Crystal Palace,Romain Esse,eng ENG,MF,19.0,7,1,138.0,1.5,1.0,1.0,2.0,1.0,0.0,0.0,0.0,0.0
Crystal Palace,Odsonne Édouard,fr FRA,"MF,FW",26.0,2,1,115.0,1.3,0.0,0.0,0.0,0.0,0.0,0.0,0.0,0.0
Crystal Palace,Joachim Andersen,dk DEN,DF,28.0,1,1,90.0,1.0,0.0,0.0,0.0,0.0,0.0,0.0,1.0,0.0
Crystal Palace,Chadi Riad,ma MAR,DF,21.0,1,1,90.0,1.0,0.0,0.0,0.0,0.0,0.0,0.0,0.0,0.0
Crystal Palace,Joel Ward,eng ENG,DF,34.0,2,1,71.0,0.8,0.0,0.0,0.0,0.0,0.0,0.0,1.0,0.0
Crystal Palace,Jeffrey Schlupp,gh GHA,"MF,DF",31.0,12,0,103.0,1.1,0.0,0.0,0.0,0.0,0.0,0.0,0.0,0.0
Crystal Palace,Matheus França,br BRA,"MF,FW",20.0,4,0,55.0,0.6,1.0,0.0,1.0,1.0,0.0,0.0,0.0,0.0
Crystal Palace,Jordan Ayew,gh GHA,"FW,MF",32.0,1,0,21.0,0.2,0.0,0.0,0.0,0.0,0.0,0.0,1.0,0.0
Crystal Palace,Caleb Kporha,eng ENG,DF,18.0,2,0,13.0,0.1,0.0,0.0,0.0,0.0,0.0,0.0,0.0,0.0
Crystal Palace,Asher Agbinone,eng ENG,MF,18.0,2,0,6.0,0.1,0.0,0.0,0.0,0.0,0.0,0.0,0.0,0.0
Crystal Palace,Naouirou Ahamada,fr FRA,MF,22.0,0,0,0.0,0.0,0.0,0.0,0.0,0.0,0.0,0.0,0.0,0.0
Crystal Palace,Rob Holding,eng ENG,DF,28.0,0,0,0.0,0.0,0.0,0.0,0.0,0.0,0.0,0.0,0.0,0.0
Crystal Palace,Sam Johnstone,eng ENG,GK,31.0,0,0,0.0,0.0,0.0,0.0,0.0,0.0,0.0,0.0,0.0,0.0
Crystal Palace,Zachariah Marsh,eng ENG,FW,18.0,0,0,0.0,0.0,0.0,0.0,0.0,0.0,0.0,0.0,0.0,0.0
Crystal Palace,Remi Matthews,eng ENG,GK,30.0,0,0,0.0,0.0,0.0,0.0,0.0,0.0,0.0,0.0,0.0,0.0
Crystal Palace,Kaden Rodney,eng ENG,"DF,MF",19.0,0,0,0.0,0.0,0.0,0.0,0.0,0.0,0.0,0.0,0.0,0.0
Crystal Palace,Matt Turner,us USA,GK,30.0,0,0,0.0,0.0,0.0,0.0,0.0,0.0,0.0,0.0,0.0,0.0
Crystal Palace,Franco Umeh-Chibueze,ie IRL,MF,19.0,0,0,0.0,0.0,0.0,0.0,0.0,0.0,0.0,0.0,0.0,0.0
Everton,Jordan Pickford,eng ENG,GK,30.0,38,38,3420.0,38.0,0.0,1.0,1.0,0.0,0.0,0.0,7.0,0.0
Everton,Vitaliy Mykolenko,ua UKR,DF,25.0,35,35,3082.0,34.2,1.0,2.0,3.0,1.0,0.0,0.0,4.0,0.0
Everton,Idrissa Gana Gueye,sn SEN,MF,34.0,37,35,3063.0,34.0,0.0,3.0,3.0,0.0,0.0,0.0,9.0,0.0
Everton,James Tarkowski,eng ENG,DF,31.0,33,33,2922.0,32.5,1.0,1.0,2.0,1.0,0.0,0.0,6.0,0.0
Everton,Abdoulaye Doucouré,ml MLI,MF,31.0,33,31,2564.0,28.5,3.0,2.0,5.0,3.0,0.0,0.0,5.0,1.0
Everton,Iliman Ndiaye,sn SEN,FW,24.0,33,29,2430.0,27.0,9.0,0.0,9.0,7.0,2.0,2.0,3.0,0.0
Everton,Jarrad Branthwaite,eng ENG,DF,22.0,30,28,2511.0,27.9,0.0,1.0,1.0,0.0,0.0,0.0,4.0,0.0
Everton,Jack Harrison,eng ENG,FW,27.0,34,24,2076.0,23.1,1.0,0.0,1.0,1.0,0.0,0.0,0.0,0.0
Everton,Ashley Young,eng ENG,DF,39.0,32,19,1875.0,20.8,1.0,3.0,4.0,1.0,0.0,0.0,7.0,1.0
Everton,Dominic Calvert-Lewin,eng ENG,FW,27.0,26,19,1609.0,17.9,3.0,1.0,4.0,3.0,0.0,0.0,2.0,0.0
Everton,James Garner,eng ENG,"MF,DF",23.0,21,17,1594.0,17.7,0.0,1.0,1.0,0.0,0.0,0.0,5.0,0.0
Everton,Jake O'Brien,ie IRL,DF,23.0,20,17,1571.0,17.5,2.0,0.0,2.0,2.0,0.0,0.0,5.0,0.0
Everton,Beto,gw GNB,FW,26.0,30,15,1534.0,17.0,8.0,0.0,8.0,8.0,0.0,0.0,2.0,0.0
Everton,Dwight McNeil,eng ENG,"MF,FW",24.0,21,15,1371.0,15.2,4.0,6.0,10.0,4.0,0.0,0.0,1.0,0.0
Everton,Jesper Lindstrøm,dk DEN,FW,24.0,25,15,1239.0,13.8,0.0,1.0,1.0,0.0,0.0,0.0,2.0,0.0
Everton,Orel Mangala,be BEL,MF,26.0,19,14,1261.0,14.0,1.0,0.0,1.0,1.0,0.0,0.0,2.0,0.0
Everton,Michael Keane,eng ENG,DF,31.0,14,11,1049.0,11.7,3.0,0.0,3.0,3.0,0.0,0.0,5.0,0.0
Everton,Carlos Alcaraz,ar ARG,"FW,MF",21.0,15,7,764.0,8.5,2.0,3.0,5.0,2.0,0.0,0.0,4.0,0.0
Everton,Tim Iroegbunam,eng ENG,MF,21.0,18,5,574.0,6.4,0.0,1.0,1.0,0.0,0.0,0.0,4.0,0.0
Everton,Armando Broja,al ALB,FW,22.0,10,4,334.0,3.7,0.0,0.0,0.0,0.0,0.0,0.0,1.0,0.0
Everton,Nathan Patterson,sct SCO,DF,22.0,10,3,347.0,3.9,0.0,1.0,1.0,0.0,0.0,0.0,1.0,0.0
Everton,Séamus Coleman,ie IRL,DF,35.0,5,3,215.0,2.4,0.0,0.0,0.0,0.0,0.0,0.0,1.0,0.0
Everton,Roman Dixon,eng ENG,DF,19.0,1,1,90.0,1.0,0.0,0.0,0.0,0.0,0.0,0.0,0.0,0.0
Everton,Harrison Armstrong,eng ENG,MF,17.0,3,0,48.0,0.5,0.0,0.0,0.0,0.0,0.0,0.0,1.0,0.0
Everton,Youssef Chermiti,pt POR,"FW,MF",20.0,4,0,45.0,0.5,0.0,0.0,0.0,0.0,0.0,0.0,1.0,0.0
Everton,Mason Holgate,jm JAM,"FW,DF",27.0,1,0,6.0,0.1,0.0,0.0,0.0,0.0,0.0,0.0,0.0,0.0
Everton,Callum Bates,eng ENG,MF,18.0,0,0,0.0,0.0,0.0,0.0,0.0,0.0,0.0,0.0,0.0,0.0
Everton,Asmir Begović,ba BIH,GK,37.0,0,0,0.0,0.0,0.0,0.0,0.0,0.0,0.0,0.0,0.0,0.0
Everton,Coby Ebere,de GER,MF,18.0,0,0,0.0,0.0,0.0,0.0,0.0,0.0,0.0,0.0,0.0,0.0
Everton,Isaac Heath,eng ENG,MF,19.0,0,0,0.0,0.0,0.0,0.0,0.0,0.0,0.0,0.0,0.0,0.0
Everton,Neal Maupay,fr FRA,"FW,MF",27.0,0,0,0.0,0.0,0.0,0.0,0.0,0.0,0.0,0.0,0.0,0.0
Everton,Jenson Metcalfe,eng ENG,MF,19.0,0,0,0.0,0.0,0.0,0.0,0.0,0.0,0.0,0.0,0.0,0.0
Everton,Martin Sherif,nl NED,FW,18.0,0,0,0.0,0.0,0.0,0.0,0.0,0.0,0.0,0.0,0.0,0.0
Everton,João Virgínia,pt POR,GK,24.0,0,0,0.0,0.0,0.0,0.0,0.0,0.0,0.0,0.0,0.0,0.0
Everton,Reece Welch,eng ENG,DF,20.0,0,0,0.0,0.0,0.0,0.0,0.0,0.0,0.0,0.0,0.0,0.0
West Ham,Max Kilman,eng ENG,DF,27.0,38,38,3348.0,37.2,0.0,1.0,1.0,0.0,0.0,0.0,5.0,0.0
West Ham,Aaron Wan-Bissaka,cd COD,DF,26.0,36,35,3154.0,35.0,2.0,5.0,7.0,2.0,0.0,0.0,1.0,0.0
West Ham,Jarrod Bowen,eng ENG,"FW,MF",27.0,34,34,2973.0,33.0,13.0,8.0,21.0,12.0,1.0,1.0,1.0,0.0
West Ham,Mohammed Kudus,gh GHA,"FW,MF",23.0,32,31,2590.0,28.8,5.0,3.0,8.0,5.0,0.0,0.0,2.0,1.0
West Ham,Tomáš Souček,cz CZE,MF,29.0,35,30,2567.0,28.5,9.0,1.0,10.0,9.0,0.0,0.0,8.0,0.0
West Ham,Lucas Paquetá,br BRA,"MF,FW",26.0,33,27,2380.0,26.4,4.0,0.0,4.0,2.0,2.0,2.0,10.0,0.0
West Ham,Emerson Palmieri,it ITA,DF,29.0,31,26,2113.0,23.5,2.0,1.0,3.0,2.0,0.0,0.0,5.0,0.0
West Ham,Alphonse Areola,fr FRA,GK,31.0,26,25,2260.0,25.1,0.0,0.0,0.0,0.0,0.0,0.0,0.0,0.0
West Ham,Konstantinos Mavropanos,gr GRE,DF,26.0,33,21,2045.0,22.7,0.0,0.0,0.0,0.0,0.0,0.0,6.0,1.0
West Ham,Jean-Clair Todibo,fr FRA,DF,24.0,27,20,1825.0,20.3,0.0,0.0,0.0,0.0,0.0,0.0,3.0,0.0
West Ham,Edson Álvarez,mx MEX,MF,26.0,28,20,1772.0,19.7,0.0,1.0,1.0,0.0,0.0,0.0,9.0,1.0
West Ham,Guido Rodríguez,ar ARG,MF,30.0,23,16,1149.0,12.8,0.0,1.0,1.0,0.0,0.0,0.0,6.0,0.0
West Ham,Carlos Soler,es ESP,"MF,FW",27.0,31,14,1409.0,15.7,1.0,1.0,2.0,1.0,0.0,0.0,6.0,0.0
West Ham,Łukasz Fabiański,pl POL,GK,39.0,14,13,1160.0,12.9,0.0,0.0,0.0,0.0,0.0,0.0,2.0,0.0
West Ham,James Ward-Prowse,eng ENG,MF,29.0,15,12,1039.0,11.5,1.0,1.0,2.0,1.0,0.0,0.0,2.0,0.0
West Ham,Vladimír Coufal,cz CZE,DF,31.0,22,11,1067.0,11.9,0.0,0.0,0.0,0.0,0.0,0.0,5.0,0.0
West Ham,Michail Antonio,jm JAM,FW,34.0,14,11,836.0,9.3,1.0,1.0,2.0,1.0,0.0,0.0,1.0,0.0
West Ham,Aaron Cresswell,eng ENG,DF,34.0,18,10,824.0,9.2,0.0,0.0,0.0,0.0,0.0,0.0,3.0,0.0
West Ham,Crysencio Summerville,nl NED,"FW,MF",22.0,19,7,786.0,8.7,1.0,1.0,2.0,1.0,0.0,0.0,2.0,0.0
West Ham,Oliver Scarles,eng ENG,"DF,FW",18.0,15,7,665.0,7.4,0.0,0.0,0.0,0.0,0.0,0.0,1.0,0.0
West Ham,Niclas Füllkrug,de GER,FW,31.0,18,6,790.0,8.8,3.0,2.0,5.0,3.0,0.0,0.0,2.0,0.0
West Ham,Danny Ings,eng ENG,"FW,MF",32.0,15,1,284.0,3.2,1.0,2.0,3.0,1.0,0.0,0.0,0.0,0.0
West Ham,Andy Irving,sct SCO,MF,24.0,10,1,166.0,1.8,0.0,0.0,0.0,0.0,0.0,0.0,2.0,0.0
West Ham,Evan Ferguson,ie IRL,FW,19.0,8,1,156.0,1.7,0.0,0.0,0.0,0.0,0.0,0.0,0.0,0.0
West Ham,Luis Guilherme,br BRA,"MF,FW",18.0,12,1,150.0,1.7,0.0,0.0,0.0,0.0,0.0,0.0,0.0,0.0
West Ham,Lewis Orford,eng ENG,MF,18.0,2,0,49.0,0.5,0.0,0.0,0.0,0.0,0.0,0.0,0.0,0.0
West Ham,Kaelan Casey,eng ENG,DF,19.0,1,0,1.0,0.0,0.0,0.0,0.0,0.0,0.0,0.0,0.0,0.0
West Ham,Wes Foderingham,eng ENG,GK,33.0,0,0,0.0,0.0,0.0,0.0,0.0,0.0,0.0,0.0,0.0,0.0
West Ham,Ezra Mayers,bb BRB,DF,17.0,0,0,0.0,0.0,0.0,0.0,0.0,0.0,0.0,0.0,0.0,0.0
Manchester Utd,Bruno Fernandes,pt POR,MF,29.0,36,35,3018.0,33.5,8.0,10.0,18.0,5.0,3.0,3.0,5.0,2.0
Manchester Utd,André Onana,cm CMR,GK,28.0,34,34,3060.0,34.0,0.0,0.0,0.0,0.0,0.0,0.0,0.0,0.0
Manchester Utd,Noussair Mazraoui,ma MAR,DF,26.0,37,34,2838.0,31.5,0.0,1.0,1.0,0.0,0.0,0.0,3.0,0.0
Manchester Utd,Diogo Dalot,pt POR,DF,25.0,33,31,2814.0,31.3,0.0,3.0,3.0,0.0,0.0,0.0,5.0,0.0
Manchester Utd,Matthijs de Ligt,nl NED,DF,24.0,29,25,2123.0,23.6,2.0,0.0,2.0,2.0,0.0,0.0,3.0,0.0
Manchester Utd,Alejandro Garnacho,ar ARG,"MF,FW",20.0,36,23,2199.0,24.4,6.0,2.0,8.0,6.0,0.0,0.0,3.0,0.0
Manchester Utd,Rasmus Højlund,dk DEN,FW,21.0,32,23,2004.0,22.3,4.0,0.0,4.0,4.0,0.0,0.0,2.0,0.0
Manchester Utd,Manuel Ugarte,uy URU,MF,23.0,29,22,1785.0,19.8,1.0,2.0,3.0,1.0,0.0,0.0,11.0,0.0
Manchester Utd,Amad Diallo,ci CIV,"MF,FW",22.0,26,20,1901.0,21.1,8.0,6.0,14.0,8.0,0.0,0.0,5.0,0.0
Manchester Utd,Lisandro Martínez,ar ARG,DF,26.0,20,20,1751.0,19.5,2.0,1.0,3.0,2.0,0.0,0.0,7.0,0.0
Manchester Utd,Harry Maguire,eng ENG,DF,31.0,27,19,1758.0,19.5,1.0,0.0,1.0,1.0,0.0,0.0,7.0,0.0
Manchester Utd,Kobbie Mainoo,eng ENG,MF,19.0,25,19,1651.0,18.3,0.0,0.0,0.0,0.0,0.0,0.0,5.0,0.0
Manchester Utd,Casemiro,br BRA,MF,32.0,24,18,1494.0,16.6,1.0,0.0,1.0,1.0,0.0,0.0,5.0,0.0
Manchester Utd,Joshua Zirkzee,nl NED,"FW,MF",23.0,32,14,1402.0,15.6,3.0,1.0,4.0,3.0,0.0,0.0,2.0,0.0
Manchester Utd,Leny Yoro,fr FRA,DF,18.0,21,12,1165.0,12.9,0.0,0.0,0.0,0.0,0.0,0.0,5.0,0.0
Manchester Utd,Marcus Rashford,eng ENG,"FW,MF",26.0,15,12,978.0,10.9,4.0,1.0,5.0,4.0,0.0,0.0,2.0,0.0
Manchester Utd,Christian Eriksen,dk DEN,MF,32.0,23,11,1061.0,11.8,1.0,2.0,3.0,0.0,1.0,1.0,4.0,0.0
Manchester Utd,Patrick Dorgu,dk DEN,DF,19.0,12,10,842.0,9.4,0.0,0.0,0.0,0.0,0.0,0.0,3.0,1.0
Manchester Utd,Mason Mount,eng ENG,MF,25.0,17,8,622.0,6.9,1.0,0.0,1.0,1.0,0.0,0.0,3.0,0.0
Manchester Utd,Victor Lindelöf,se SWE,DF,30.0,16,6,704.0,7.8,0.0,0.0,0.0,0.0,0.0,0.0,1.0,0.0
Manchester Utd,Altay Bayındır,tr TUR,GK,26.0,4,4,360.0,4.0,0.0,0.0,0.0,0.0,0.0,0.0,0.0,0.0
Manchester Utd,Luke Shaw,eng ENG,DF,29.0,7,4,349.0,3.9,0.0,0.0,0.0,0.0,0.0,0.0,1.0,0.0
Manchester Utd,Harry Amass,eng ENG,DF,17.0,5,4,346.0,3.8,0.0,0.0,0.0,0.0,0.0,0.0,0.0,0.0
Manchester Utd,Jonny Evans,nir NIR,DF,36.0,7,3,315.0,3.5,0.0,0.0,0.0,0.0,0.0,0.0,1.0,0.0
Manchester Utd,Ayden Heaven,eng ENG,DF,17.0,4,2,170.0,1.9,0.0,0.0,0.0,0.0,0.0,0.0,1.0,0.0
Manchester Utd,Tyler Fredricson,eng ENG,DF,19.0,2,2,165.0,1.8,0.0,0.0,0.0,0.0,0.0,0.0,0.0,0.0
Manchester Utd,Tyrell Malacia,nl NED,DF,24.0,3,2,100.0,1.1,0.0,0.0,0.0,0.0,0.0,0.0,1.0,0.0
Manchester Utd,Chidozie Obi-Martin,dk DEN,FW,16.0,7,1,165.0,1.8,0.0,0.0,0.0,0.0,0.0,0.0,1.0,0.0
Manchester Utd,Toby Collyer,eng ENG,MF,20.0,6,0,179.0,2.0,0.0,0.0,0.0,0.0,0.0,0.0,0.0,0.0
Manchester Utd,Antony,br BRA,"DF,MF",24.0,8,0,141.0,1.6,0.0,0.0,0.0,0.0,0.0,0.0,0.0,0.0
Manchester Utd,Scott McTominay,sct SCO,MF,27.0,2,0,19.0,0.2,0.0,0.0,0.0,0.0,0.0,0.0,0.0,0.0
Manchester Utd,Jayce Fitzgerald,eng ENG,MF,17.0,0,0,0.0,0.0,0.0,0.0,0.0,0.0,0.0,0.0,0.0,0.0
Manchester Utd,Jack Fletcher,eng ENG,MF,17.0,0,0,0.0,0.0,0.0,0.0,0.0,0.0,0.0,0.0,0.0,0.0
Manchester Utd,Hubert Graczyk,pl POL,GK,21.0,0,0,0.0,0.0,0.0,0.0,0.0,0.0,0.0,0.0,0.0,0.0
Manchester Utd,Elyh Harrison,eng ENG,GK,18.0,0,0,0.0,0.0,0.0,0.0,0.0,0.0,0.0,0.0,0.0,0.0
Manchester Utd,Tom Heaton,eng ENG,GK,38.0,0,0,0.0,0.0,0.0,0.0,0.0,0.0,0.0,0.0,0.0,0.0
Manchester Utd,Sekou Koné,ml MLI,MF,18.0,0,0,0.0,0.0,0.0,0.0,0.0,0.0,0.0,0.0,0.0,0.0
Manchester Utd,Godwill Kukonki,eng ENG,DF,16.0,0,0,0.0,0.0,0.0,0.0,0.0,0.0,0.0,0.0,0.0,0.0
Manchester Utd,Dermot Mee,nir NIR,GK,21.0,0,0,0.0,0.0,0.0,0.0,0.0,0.0,0.0,0.0,0.0,0.0
Manchester Utd,Jack Moorhouse,eng ENG,MF,18.0,0,0,0.0,0.0,0.0,0.0,0.0,0.0,0.0,0.0,0.0,0.0
Manchester Utd,Ethan Wheatley,eng ENG,FW,18.0,0,0,0.0,0.0,0.0,0.0,0.0,0.0,0.0,0.0,0.0,0.0
Wolves,Rayan Aït-Nouri,dz ALG,DF,23.0,37,37,3109.0,34.5,4.0,7.0,11.0,4.0,0.0,0.0,7.0,1.0
Wolves,João Gomes,br BRA,MF,23.0,36,35,2974.0,33.0,3.0,1.0,4.0,3.0,0.0,0.0,11.0,1.0
Wolves,Nélson Semedo,pt POR,DF,30.0,34,32,2886.0,32.1,0.0,4.0,4.0,0.0,0.0,0.0,8.0,0.0
Wolves,André,br BRA,MF,23.0,33,31,2472.0,27.5,0.0,0.0,0.0,0.0,0.0,0.0,7.0,0.0
Wolves,Toti Gomes,pt POR,DF,25.0,31,30,2614.0,29.0,0.0,1.0,1.0,0.0,0.0,0.0,7.0,0.0
Wolves,Jørgen Strand Larsen,no NOR,FW,24.0,35,30,2587.0,28.7,14.0,4.0,18.0,14.0,0.0,0.0,4.0,0.0
Wolves,José Sá,pt POR,GK,31.0,29,29,2609.0,29.0,0.0,0.0,0.0,0.0,0.0,0.0,2.0,0.0
Wolves,Matheus Cunha,br BRA,"MF,FW",25.0,33,29,2597.0,28.9,15.0,6.0,21.0,15.0,0.0,0.0,4.0,0.0
Wolves,Matt Doherty,ie IRL,DF,32.0,30,25,2109.0,23.4,2.0,1.0,3.0,2.0,0.0,0.0,6.0,0.0
Wolves,Jean-Ricner Bellegarde,ht HAI,"MF,FW",26.0,35,20,1677.0,18.6,2.0,7.0,9.0,2.0,0.0,0.0,3.0,0.0
Wolves,Santiago Bueno,uy URU,DF,25.0,29,18,1687.0,18.7,0.0,0.0,0.0,0.0,0.0,0.0,2.0,0.0
Wolves,Emmanuel Agbadou,ci CIV,DF,27.0,16,16,1410.0,15.7,1.0,0.0,1.0,1.0,0.0,0.0,3.0,0.0
Wolves,Mario Lemina,ga GAB,"MF,DF",30.0,17,15,1364.0,15.2,1.0,3.0,4.0,1.0,0.0,0.0,4.0,0.0
Wolves,Marshall Munetsi,zw ZIM,"MF,FW",28.0,14,12,1078.0,12.0,2.0,1.0,3.0,2.0,0.0,0.0,0.0,0.0
Wolves,Gonçalo Guedes,pt POR,"MF,FW",27.0,29,10,995.0,11.1,2.0,4.0,6.0,2.0,0.0,0.0,1.0,0.0
Wolves,Craig Dawson,eng ENG,DF,34.0,15,10,971.0,10.8,0.0,0.0,0.0,0.0,0.0,0.0,2.0,0.0
Wolves,Pablo Sarabia,es ESP,"MF,FW",32.0,23,7,814.0,9.0,3.0,2.0,5.0,3.0,0.0,0.0,3.0,0.0
Wolves,Rodrigo Gomes,pt POR,"DF,FW",21.0,25,7,810.0,9.0,2.0,0.0,2.0,2.0,0.0,0.0,0.0,0.0
Wolves,Sam Johnstone,eng ENG,GK,31.0,7,7,630.0,7.0,0.0,0.0,0.0,0.0,0.0,0.0,0.0,0.0
Wolves,Hwang Hee-chan,kr KOR,"MF,FW",28.0,21,5,661.0,7.3,2.0,0.0,2.0,2.0,0.0,0.0,0.0,0.0
Wolves,Yerson Mosquera,co COL,DF,23.0,5,5,441.0,4.9,0.0,0.0,0.0,0.0,0.0,0.0,2.0,0.0
Wolves,Tommy Doyle,eng ENG,MF,22.0,24,3,488.0,5.4,0.0,1.0,1.0,0.0,0.0,0.0,1.0,0.0
Wolves,Daniel Bentley,eng ENG,GK,31.0,2,2,180.0,2.0,0.0,0.0,0.0,0.0,0.0,0.0,0.0,0.0
Wolves,Carlos Forbs,pt POR,"MF,FW",20.0,10,1,239.0,2.7,0.0,0.0,0.0,0.0,0.0,0.0,2.0,0.0
Wolves,Pedro Lima,br BRA,DF,18.0,3,1,70.0,0.8,0.0,0.0,0.0,0.0,0.0,0.0,0.0,0.0
Wolves,Nasser Djiga,bf BFA,DF,21.0,5,1,66.0,0.7,0.0,0.0,0.0,0.0,0.0,0.0,0.0,0.0
Wolves,Daniel Podence,pt POR,"MF,FW",28.0,2,0,48.0,0.5,0.0,0.0,0.0,0.0,0.0,0.0,0.0,0.0
Wolves,Chiquinho,pt POR,MF,24.0,1,0,7.0,0.1,0.0,0.0,0.0,0.0,0.0,0.0,0.0,0.0
Wolves,Mateus Mane,Inconnu,MF,24.0,1,0,2.0,0.0,0.0,0.0,0.0,0.0,0.0,0.0,0.0,0.0
Wolves,Tom King,wls WAL,GK,29.0,1,0,1.0,0.0,0.0,0.0,0.0,0.0,0.0,0.0,0.0,0.0
Wolves,Alfie Pond,eng ENG,DF,20.0,1,0,1.0,0.0,0.0,0.0,0.0,0.0,0.0,0.0,0.0,0.0
Wolves,Boubacar Traoré,ml MLI,MF,22.0,1,0,1.0,0.0,0.0,0.0,0.0,0.0,0.0,0.0,0.0,0.0
Wolves,Tawanda Chirewa,zw ZIM,MF,20.0,0,0,0.0,0.0,0.0,0.0,0.0,0.0,0.0,0.0,0.0,0.0
Wolves,Luke Cundle,eng ENG,MF,22.0,0,0,0.0,0.0,0.0,0.0,0.0,0.0,0.0,0.0,0.0,0.0
Wolves,Tom Edozie,eng ENG,MF,18.0,0,0,0.0,0.0,0.0,0.0,0.0,0.0,0.0,0.0,0.0,0.0
Wolves,Bastien Meupiyou,fr FRA,DF,18.0,0,0,0.0,0.0,0.0,0.0,0.0,0.0,0.0,0.0,0.0,0.0
Wolves,Wesley Okoduwa,eng ENG,FW,16.0,0,0,0.0,0.0,0.0,0.0,0.0,0.0,0.0,0.0,0.0,0.0
Tottenham,Pedro Porro,es ESP,DF,24.0,33,28,2610.0,29.0,2.0,6.0,8.0,2.0,0.0,0.0,5.0,0.0
Tottenham,Dejan Kulusevski,se SWE,"MF,FW",24.0,32,27,2389.0,26.5,7.0,4.0,11.0,7.0,0.0,0.0,3.0,0.0
Tottenham,Dominic Solanke,eng ENG,FW,26.0,27,25,2201.0,24.5,9.0,3.0,12.0,8.0,1.0,1.0,0.0,0.0
Tottenham,Brennan Johnson,wls WAL,FW,23.0,33,24,2177.0,24.2,11.0,3.0,14.0,11.0,0.0,0.0,5.0,0.0
Tottenham,Guglielmo Vicario,it ITA,GK,27.0,24,24,2160.0,24.0,0.0,0.0,0.0,0.0,0.0,0.0,1.0,0.0
Tottenham,Son Heung-min,kr KOR,FW,32.0,30,24,2110.0,23.4,7.0,9.0,16.0,6.0,1.0,2.0,1.0,0.0
Tottenham,Destiny Udogie,it ITA,DF,21.0,25,24,1924.0,21.4,0.0,1.0,1.0,0.0,0.0,0.0,2.0,0.0
Tottenham,Pape Matar Sarr,sn SEN,MF,21.0,36,22,1913.0,21.3,3.0,2.0,5.0,3.0,0.0,0.0,6.0,0.0
Tottenham,James Maddison,eng ENG,MF,27.0,31,21,1809.0,20.1,9.0,7.0,16.0,9.0,0.0,0.0,6.0,0.0
Tottenham,Rodrigo Bentancur,uy URU,MF,27.0,26,21,1645.0,18.3,2.0,0.0,2.0,2.0,0.0,0.0,9.0,0.0
Tottenham,Djed Spence,eng ENG,DF,23.0,25,19,1792.0,19.9,1.0,2.0,3.0,1.0,0.0,0.0,4.0,1.0
Tottenham,Archie Gray,eng ENG,"DF,MF",18.0,28,19,1751.0,19.5,0.0,0.0,0.0,0.0,0.0,0.0,1.0,0.0
Tottenham,Cristian Romero,ar ARG,DF,26.0,18,18,1416.0,15.7,1.0,0.0,1.0,1.0,0.0,0.0,3.0,0.0
Tottenham,Yves Bissouma,ml MLI,MF,27.0,28,16,1408.0,15.6,2.0,0.0,2.0,2.0,0.0,0.0,7.0,0.0
Tottenham,Ben Davies,wls WAL,DF,31.0,17,14,1331.0,14.8,0.0,0.0,0.0,0.0,0.0,0.0,5.0,0.0
Tottenham,Radu Drăgușin,ro ROU,DF,22.0,16,14,1252.0,13.9,0.0,0.0,0.0,0.0,0.0,0.0,1.0,0.0
Tottenham,Micky van de Ven,nl NED,DF,23.0,13,12,1015.0,11.3,0.0,2.0,2.0,0.0,0.0,0.0,4.0,0.0
Tottenham,Lucas Bergvall,se SWE,MF,18.0,27,11,1212.0,13.5,0.0,1.0,1.0,0.0,0.0,0.0,3.0,0.0
Tottenham,Mathys Tel,fr FRA,FW,19.0,13,11,911.0,10.1,2.0,1.0,3.0,1.0,1.0,1.0,2.0,0.0
Tottenham,Wilson Odobert,fr FRA,"FW,MF",19.0,16,9,850.0,9.4,1.0,0.0,1.0,1.0,0.0,0.0,0.0,0.0
Tottenham,Kevin Danso,at AUT,DF,25.0,10,9,842.0,9.4,0.0,0.0,0.0,0.0,0.0,0.0,0.0,0.0
Tottenham,Fraser Forster,eng ENG,GK,36.0,7,7,630.0,7.0,0.0,0.0,0.0,0.0,0.0,0.0,0.0,0.0
Tottenham,Antonín Kinský,cz CZE,GK,21.0,6,6,540.0,6.0,0.0,0.0,0.0,0.0,0.0,0.0,0.0,0.0
Tottenham,Timo Werner,de GER,"FW,MF",28.0,18,4,516.0,5.7,0.0,3.0,3.0,0.0,0.0,0.0,0.0,0.0
Tottenham,Richarlison,br BRA,FW,27.0,15,4,504.0,5.6,4.0,1.0,5.0,4.0,0.0,0.0,2.0,0.0
Tottenham,Mikey Moore,eng ENG,FW,16.0,10,3,366.0,4.1,0.0,1.0,1.0,0.0,0.0,0.0,0.0,0.0
Tottenham,Sergio Reguilón,es ESP,DF,27.0,4,1,196.0,2.2,0.0,0.0,0.0,0.0,0.0,0.0,2.0,0.0
Tottenham,Brandon Austin,eng ENG,GK,25.0,1,1,90.0,1.0,0.0,0.0,0.0,0.0,0.0,0.0,0.0,0.0
Tottenham,Dane Scarlett,eng ENG,"FW,MF",20.0,3,0,34.0,0.4,0.0,1.0,1.0,0.0,0.0,0.0,0.0,0.0
Tottenham,Alfie Dorrington,eng ENG,DF,19.0,1,0,14.0,0.2,0.0,0.0,0.0,0.0,0.0,0.0,0.0,0.0
Tottenham,Will Lankshear,eng ENG,"FW,MF",19.0,3,0,11.0,0.1,0.0,0.0,0.0,0.0,0.0,0.0,0.0,0.0
Tottenham,Oyindamola Ajayi,eng ENG,MF,18.0,0,0,0.0,0.0,0.0,0.0,0.0,0.0,0.0,0.0,0.0,0.0
Tottenham,Dante Cassanova,jm JAM,DF,20.0,0,0,0.0,0.0,0.0,0.0,0.0,0.0,0.0,0.0,0.0,0.0
Tottenham,Alfie Devine,eng ENG,MF,19.0,0,0,0.0,0.0,0.0,0.0,0.0,0.0,0.0,0.0,0.0,0.0
Tottenham,Malachi Hardy,eng ENG,DF,16.0,0,0,0.0,0.0,0.0,0.0,0.0,0.0,0.0,0.0,0.0,0.0
Tottenham,Maeson King,eng ENG,DF,18.0,0,0,0.0,0.0,0.0,0.0,0.0,0.0,0.0,0.0,0.0,0.0
Tottenham,Yang Minhyeok,kr KOR,MF,18.0,0,0,0.0,0.0,0.0,0.0,0.0,0.0,0.0,0.0,0.0,0.0
Tottenham,Callum Olusesi,eng ENG,MF,17.0,0,0,0.0,0.0,0.0,0.0,0.0,0.0,0.0,0.0,0.0,0.0
Tottenham,Alfie Whiteman,eng ENG,GK,25.0,0,0,0.0,0.0,0.0,0.0,0.0,0.0,0.0,0.0,0.0,0.0
Tottenham,Luca Williams Barnett,eng ENG,FW,15.0,0,0,0.0,0.0,0.0,0.0,0.0,0.0,0.0,0.0,0.0,0.0
Leicester City,Jamie Vardy,eng ENG,FW,37.0,35,35,2823.0,31.4,9.0,4.0,13.0,8.0,1.0,2.0,5.0,0.0
Leicester City,James Justin,eng ENG,DF,26.0,36,34,2912.0,32.4,2.0,2.0,4.0,2.0,0.0,0.0,6.0,0.0
Leicester City,Wout Faes,be BEL,DF,26.0,34,30,2815.0,31.3,1.0,0.0,1.0,1.0,0.0,0.0,4.0,0.0
Leicester City,Victor Bernth Kristiansen,dk DEN,DF,21.0,30,29,2482.0,27.6,0.0,1.0,1.0,0.0,0.0,0.0,1.0,0.0
Leicester City,Wilfred Ndidi,ng NGA,MF,27.0,28,28,2324.0,25.8,0.0,5.0,5.0,0.0,0.0,0.0,8.0,0.0
Leicester City,Mads Hermansen,dk DEN,GK,24.0,27,27,2385.0,26.5,0.0,0.0,0.0,0.0,0.0,0.0,1.0,0.0
Leicester City,Bilal El Khannouss,ma MAR,"MF,FW",20.0,32,27,2182.0,24.2,2.0,3.0,5.0,2.0,0.0,0.0,4.0,0.0
Leicester City,Boubakary Soumaré,fr FRA,MF,25.0,31,25,2171.0,24.1,0.0,0.0,0.0,0.0,0.0,0.0,8.0,0.0
Leicester City,Conor Coady,eng ENG,DF,31.0,22,19,1714.0,19.0,1.0,0.0,1.0,1.0,0.0,0.0,3.0,0.0
Leicester City,Jordan Ayew,gh GHA,"FW,MF",32.0,30,19,1638.0,18.2,5.0,0.0,5.0,4.0,1.0,1.0,5.0,0.0
Leicester City,Harry Winks,eng ENG,MF,28.0,22,17,1538.0,17.1,0.0,2.0,2.0,0.0,0.0,0.0,4.0,0.0
Leicester City,Stephy Mavididi,eng ENG,FW,26.0,30,16,1615.0,17.9,4.0,1.0,5.0,4.0,0.0,0.0,2.0,0.0
Leicester City,Jannik Vestergaard,dk DEN,DF,31.0,18,16,1391.0,15.5,0.0,0.0,0.0,0.0,0.0,0.0,5.0,0.0
Leicester City,Facundo Buonanotte,ar ARG,"FW,MF",19.0,31,14,1523.0,16.9,5.0,2.0,7.0,5.0,0.0,0.0,8.0,0.0
Leicester City,Luke Thomas,eng ENG,DF,23.0,14,13,1110.0,12.3,0.0,0.0,0.0,0.0,0.0,0.0,3.0,0.0
Leicester City,Caleb Okoli,it ITA,DF,23.0,19,12,1125.0,12.5,1.0,0.0,1.0,1.0,0.0,0.0,4.0,0.0
Leicester City,Oliver Skipp,eng ENG,MF,23.0,24,10,1129.0,12.5,0.0,0.0,0.0,0.0,0.0,0.0,8.0,0.0
Leicester City,Jakub Stolarczyk,pl POL,GK,23.0,10,10,900.0,10.0,0.0,0.0,0.0,0.0,0.0,0.0,1.0,0.0
Leicester City,Kasey McAteer,ie IRL,FW,22.0,18,9,852.0,9.5,1.0,1.0,2.0,1.0,0.0,0.0,3.0,0.0
Leicester City,Bobby De Cordova-Reid,jm JAM,FW,31.0,23,9,744.0,8.3,1.0,2.0,3.0,1.0,0.0,0.0,2.0,0.0
Leicester City,Patson Daka,zm ZAM,"FW,MF",25.0,23,6,736.0,8.2,1.0,0.0,1.0,1.0,0.0,0.0,0.0,0.0
Leicester City,Abdul Fatawu Issahaku,gh GHA,FW,20.0,11,6,579.0,6.4,0.0,2.0,2.0,0.0,0.0,0.0,0.0,0.0
Leicester City,Ricardo Pereira,pt POR,DF,30.0,10,4,388.0,4.3,0.0,0.0,0.0,0.0,0.0,0.0,1.0,0.0
Leicester City,Danny Ward,wls WAL,GK,31.0,2,1,135.0,1.5,0.0,0.0,0.0,0.0,0.0,0.0,0.0,0.0
Leicester City,Hamza Choudhury,bd BAN,"MF,DF",26.0,4,1,131.0,1.5,0.0,0.0,0.0,0.0,0.0,0.0,0.0,0.0
Leicester City,Woyo Coulibaly,ml MLI,DF,25.0,4,1,109.0,1.2,0.0,0.0,0.0,0.0,0.0,0.0,1.0,0.0
Leicester City,Jeremy Monga,Inconnu,"FW,MF",15.0,7,0,112.0,1.2,0.0,0.0,0.0,0.0,0.0,0.0,0.0,0.0
Leicester City,Odsonne Édouard,fr FRA,FW,26.0,4,0,29.0,0.3,0.0,0.0,0.0,0.0,0.0,0.0,0.0,0.0
Leicester City,Jake Evans,Inconnu,FW,24.0,4,0,24.0,0.3,0.0,0.0,0.0,0.0,0.0,0.0,0.0,0.0
Leicester City,Olabade Aluko,Inconnu,DF,24.0,1,0,2.0,0.0,0.0,0.0,0.0,0.0,0.0,0.0,0.0,0.0
Leicester City,Will Alves,eng ENG,FW,19.0,1,0,1.0,0.0,0.0,0.0,0.0,0.0,0.0,0.0,0.0,0.0
Leicester City,Michael Golding,eng ENG,MF,18.0,1,0,1.0,0.0,0.0,0.0,0.0,0.0,0.0,0.0,0.0,0.0
Leicester City,Sammy Braybrooke,eng ENG,MF,20.0,0,0,0.0,0.0,0.0,0.0,0.0,0.0,0.0,0.0,0.0,0.0
Leicester City,Thomas Cannon,ie IRL,FW,21.0,0,0,0.0,0.0,0.0,0.0,0.0,0.0,0.0,0.0,0.0,0.0
Leicester City,Henry Cartwright,eng ENG,MF,19.0,0,0,0.0,0.0,0.0,0.0,0.0,0.0,0.0,0.0,0.0,0.0
Leicester City,Daniel Iversen,dk DEN,GK,27.0,0,0,0.0,0.0,0.0,0.0,0.0,0.0,0.0,0.0,0.0,0.0
Leicester City,Benjamin Nelson,eng ENG,DF,20.0,0,0,0.0,0.0,0.0,0.0,0.0,0.0,0.0,0.0,0.0,0.0
Leicester City,Thomas Wilson-Brown,eng ENG,DF,19.0,0,0,0.0,0.0,0.0,0.0,0.0,0.0,0.0,0.0,0.0,0.0
Ipswich Town,Dara O'Shea,ie IRL,DF,25.0,35,35,3122.0,34.7,0.0,2.0,2.0,0.0,0.0,0.0,6.0,0.0
Ipswich Town,Leif Davis,eng ENG,DF,24.0,33,32,2743.0,30.5,1.0,2.0,3.0,1.0,0.0,0.0,5.0,1.0
Ipswich Town,Liam Delap,eng ENG,FW,21.0,37,32,2593.0,28.8,12.0,2.0,14.0,10.0,2.0,2.0,12.0,0.0
Ipswich Town,Sam Morsy,eg EGY,MF,32.0,33,31,2751.0,30.6,1.0,1.0,2.0,1.0,0.0,0.0,10.0,0.0
Ipswich Town,Omari Hutchinson,eng ENG,"MF,FW",20.0,31,30,2583.0,28.7,3.0,2.0,5.0,3.0,0.0,0.0,5.0,0.0
Ipswich Town,Jacob Greaves,eng ENG,DF,23.0,25,25,2205.0,24.5,1.0,0.0,1.0,1.0,0.0,0.0,5.0,0.0
Ipswich Town,Jens Cajuste,se SWE,MF,24.0,30,25,1959.0,21.8,1.0,1.0,2.0,1.0,0.0,0.0,2.0,0.0
Ipswich Town,Axel Tuanzebe,cd COD,DF,26.0,22,20,1710.0,19.0,0.0,1.0,1.0,0.0,0.0,0.0,5.0,1.0
Ipswich Town,Arijanet Muric,xk KVX,GK,25.0,18,18,1620.0,18.0,0.0,0.0,0.0,0.0,0.0,0.0,1.0,0.0
Ipswich Town,Cameron Burgess,au AUS,DF,28.0,18,16,1541.0,17.1,0.0,2.0,2.0,0.0,0.0,0.0,0.0,0.0
Ipswich Town,Ben Johnson,eng ENG,"DF,FW",24.0,23,14,1354.0,15.0,1.0,2.0,3.0,1.0,0.0,0.0,5.0,1.0
Ipswich Town,Kalvin Phillips,eng ENG,MF,28.0,19,14,1237.0,13.7,0.0,0.0,0.0,0.0,0.0,0.0,6.0,1.0
Ipswich Town,Alex Palmer,eng ENG,GK,27.0,13,13,1170.0,13.0,0.0,0.0,0.0,0.0,0.0,0.0,2.0,0.0
Ipswich Town,Sammie Szmodics,ie IRL,"FW,MF",28.0,20,13,992.0,11.0,4.0,0.0,4.0,4.0,0.0,0.0,2.0,0.0
Ipswich Town,Luke Woolfenden,eng ENG,DF,25.0,15,12,1187.0,13.2,0.0,0.0,0.0,0.0,0.0,0.0,2.0,0.0
Ipswich Town,Jack Clarke,eng ENG,"FW,MF",23.0,32,12,1181.0,13.1,0.0,4.0,4.0,0.0,0.0,0.0,2.0,0.0
Ipswich Town,Wes Burns,wls WAL,"FW,DF",29.0,18,12,926.0,10.3,0.0,1.0,1.0,0.0,0.0,0.0,1.0,0.0
Ipswich Town,Julio Enciso,py PAR,"MF,FW",20.0,13,12,869.0,9.7,2.0,3.0,5.0,2.0,0.0,0.0,3.0,0.0
Ipswich Town,Conor Chaplin,eng ENG,"MF,FW",27.0,22,10,857.0,9.5,1.0,1.0,2.0,1.0,0.0,0.0,2.0,0.0
Ipswich Town,Nathan Broadhead,wls WAL,"MF,FW",26.0,18,7,702.0,7.8,2.0,0.0,2.0,2.0,0.0,0.0,1.0,0.0
Ipswich Town,Christian Walton,eng ENG,GK,28.0,7,7,630.0,7.0,0.0,0.0,0.0,0.0,0.0,0.0,0.0,0.0
Ipswich Town,George Hirst,sct SCO,FW,25.0,26,5,661.0,7.3,3.0,1.0,4.0,3.0,0.0,0.0,3.0,0.0
Ipswich Town,Jaden Philogene Bidace,eng ENG,"FW,DF",22.0,10,5,474.0,5.3,2.0,0.0,2.0,2.0,0.0,0.0,1.0,0.0
Ipswich Town,Jack Taylor,ie IRL,MF,26.0,32,4,860.0,9.6,1.0,0.0,1.0,1.0,0.0,0.0,4.0,0.0
Ipswich Town,Harry Clarke,eng ENG,DF,23.0,7,4,379.0,4.2,0.0,0.0,0.0,0.0,0.0,0.0,3.0,1.0
Ipswich Town,Conor Townsend,eng ENG,DF,31.0,6,3,335.0,3.7,0.0,1.0,1.0,0.0,0.0,0.0,1.0,0.0
Ipswich Town,Chiedozie Ogbene,ie IRL,FW,27.0,5,3,238.0,2.6,0.0,0.0,0.0,0.0,0.0,0.0,0.0,0.0
Ipswich Town,Massimo Luongo,au AUS,MF,31.0,11,2,201.0,2.2,0.0,0.0,0.0,0.0,0.0,0.0,0.0,0.0
Ipswich Town,Ben Godfrey,eng ENG,DF,26.0,3,2,159.0,1.8,0.0,0.0,0.0,0.0,0.0,0.0,1.0,0.0
Ipswich Town,Ali Al Hamadi,iq IRQ,FW,22.0,11,0,134.0,1.5,0.0,0.0,0.0,0.0,0.0,0.0,3.0,0.0
Ipswich Town,Marcus Harness,eng ENG,MF,28.0,2,0,45.0,0.5,0.0,0.0,0.0,0.0,0.0,0.0,0.0,0.0
Ipswich Town,George Edmundson,eng ENG,DF,26.0,1,0,2.0,0.0,0.0,0.0,0.0,0.0,0.0,0.0,0.0,0.0
Ipswich Town,Somto Boniface,eng ENG,DF,18.0,0,0,0.0,0.0,0.0,0.0,0.0,0.0,0.0,0.0,0.0,0.0
Ipswich Town,Cieran Slicker,sct SCO,GK,21.0,0,0,0.0,0.0,0.0,0.0,0.0,0.0,0.0,0.0,0.0,0.0
Ipswich Town,Tom Taylor,Inconnu,MF,24.0,0,0,0.0,0.0,0.0,0.0,0.0,0.0,0.0,0.0,0.0,0.0
Southampton,Mateus Fernandes,pt POR,MF,20.0,36,34,2909.0,32.3,2.0,4.0,6.0,2.0,0.0,0.0,8.0,0.0
Southampton,Kyle Walker-Peters,eng ENG,DF,27.0,33,33,2918.0,32.4,0.0,2.0,2.0,0.0,0.0,0.0,5.0,0.0
Southampton,Taylor Harwood-Bellis,eng ENG,DF,22.0,34,32,2825.0,31.4,1.0,0.0,1.0,1.0,0.0,0.0,9.0,0.0
Southampton,Aaron Ramsdale,eng ENG,GK,26.0,30,30,2700.0,30.0,0.0,0.0,0.0,0.0,0.0,0.0,2.0,0.0
Southampton,Jan Bednarek,pl POL,DF,28.0,30,30,2531.0,28.1,2.0,0.0,2.0,2.0,0.0,0.0,7.0,0.0
Southampton,Flynn Downes,eng ENG,MF,25.0,27,25,2151.0,23.9,1.0,0.0,1.0,1.0,0.0,0.0,12.0,0.0
Southampton,Joe Aribo,ng NGA,"MF,DF",28.0,32,21,2013.0,22.4,3.0,0.0,3.0,3.0,0.0,0.0,1.0,0.0
Southampton,Tyler Dibling,eng ENG,"FW,MF",18.0,33,20,1874.0,20.8,2.0,0.0,2.0,2.0,0.0,0.0,6.0,0.0
Southampton,Lesley Ugochukwu,fr FRA,MF,20.0,26,18,1655.0,18.4,1.0,1.0,2.0,1.0,0.0,0.0,7.0,0.0
Southampton,Ryan Manning,ie IRL,"DF,MF",28.0,24,18,1462.0,16.2,0.0,1.0,1.0,0.0,0.0,0.0,2.0,0.0
Southampton,Kamaldeen Sulemana,gh GHA,"FW,MF",22.0,26,17,1402.0,15.6,1.0,1.0,2.0,1.0,0.0,0.0,2.0,0.0
Southampton,Jack Stephens,eng ENG,DF,30.0,19,17,1389.0,15.4,1.0,0.0,1.0,1.0,0.0,0.0,2.0,2.0
Southampton,Yukinari Sugawara,jp JPN,"DF,MF",24.0,30,16,1557.0,17.3,1.0,1.0,2.0,1.0,0.0,0.0,4.0,0.0
Southampton,Adam Armstrong,eng ENG,"FW,MF",27.0,20,15,1248.0,13.9,2.0,2.0,4.0,2.0,0.0,1.0,4.0,0.0
Southampton,Cameron Archer,eng ENG,FW,23.0,35,13,1441.0,16.0,2.0,0.0,2.0,2.0,0.0,1.0,0.0,0.0
Southampton,James Bree,eng ENG,DF,26.0,17,13,1075.0,11.9,0.0,1.0,1.0,0.0,0.0,0.0,0.0,0.0
Southampton,Paul Onuachu,ng NGA,FW,30.0,25,11,1050.0,11.7,4.0,1.0,5.0,4.0,0.0,0.0,4.0,0.0
Southampton,Nathan Wood-Gordon,eng ENG,DF,22.0,11,9,773.0,8.6,0.0,0.0,0.0,0.0,0.0,0.0,2.0,0.0
Southampton,William Smallbone,ie IRL,MF,24.0,18,6,690.0,7.7,1.0,0.0,1.0,1.0,0.0,0.0,1.0,0.0
Southampton,Welington,br BRA,DF,23.0,10,6,482.0,5.4,0.0,0.0,0.0,0.0,0.0,0.0,1.0,0.0
Southampton,Alex McCarthy,eng ENG,GK,34.0,5,5,450.0,5.0,0.0,0.0,0.0,0.0,0.0,0.0,0.0,0.0
Southampton,Adam Lallana,eng ENG,MF,36.0,14,5,361.0,4.0,0.0,2.0,2.0,0.0,0.0,0.0,4.0,0.0
Southampton,Ben Brereton,cl CHI,FW,25.0,10,4,449.0,5.0,0.0,0.0,0.0,0.0,0.0,0.0,1.0,0.0
Southampton,Ross Stewart,sct SCO,FW,28.0,12,4,389.0,4.3,1.0,0.0,1.0,1.0,0.0,0.0,1.0,0.0
Southampton,Ryan Fraser,sct SCO,"FW,DF",30.0,8,4,306.0,3.4,0.0,0.0,0.0,0.0,0.0,0.0,0.0,1.0
Southampton,Charlie Taylor,eng ENG,DF,30.0,8,3,356.0,4.0,0.0,0.0,0.0,0.0,0.0,0.0,1.0,0.0
Southampton,Joe Lumley,eng ENG,GK,29.0,3,3,270.0,3.0,0.0,0.0,0.0,0.0,0.0,0.0,0.0,0.0
Southampton,Armel Bella Kotchap,de GER,DF,22.0,4,2,331.0,3.7,0.0,0.0,0.0,0.0,0.0,0.0,0.0,0.0
Southampton,Albert Grønbaek,dk DEN,"FW,MF",23.0,4,2,143.0,1.6,0.0,0.0,0.0,0.0,0.0,0.0,0.0,0.0
Southampton,Jay Robinson,eng ENG,"MF,FW",17.0,4,1,137.0,1.5,0.0,0.0,0.0,0.0,0.0,0.0,0.0,0.0
Southampton,Maxwel Cornet,ci CIV,FW,27.0,2,1,72.0,0.8,0.0,0.0,0.0,0.0,0.0,0.0,1.0,0.0
Southampton,Samuel Edozie,eng ENG,"DF,FW",21.0,2,0,65.0,0.7,0.0,0.0,0.0,0.0,0.0,0.0,1.0,0.0
Southampton,Samuel Amo-Ameyaw,eng ENG,"FW,DF",18.0,2,0,28.0,0.3,0.0,0.0,0.0,0.0,0.0,0.0,1.0,0.0
Southampton,Joachim Kayi Sanda,fr FRA,DF,17.0,2,0,14.0,0.2,0.0,0.0,0.0,0.0,0.0,0.0,0.0,0.0
Southampton,Ronnie Edwards,eng ENG,DF,21.0,1,0,12.0,0.1,0.0,0.0,0.0,0.0,0.0,0.0,0.0,0.0
Southampton,Carlos Alcaraz,ar ARG,MF,21.0,1,0,10.0,0.1,0.0,0.0,0.0,0.0,0.0,0.0,0.0,0.0
Southampton,Jayden Moore,Inconnu,DF,24.0,0,0,0.0,0.0,0.0,0.0,0.0,0.0,0.0,0.0,0.0,0.0
Southampton,Joe O'Brien-Whitmarsh,ie IRL,MF,19.0,0,0,0.0,0.0,0.0,0.0,0.0,0.0,0.0,0.0,0.0,0.0
